,year,artist,track,length_in_secs,genre,date.entered,date.peaked,1,2,3,4,5,6,7,8,9,10,11,12,13,14,15,16,17,18,19,20,21,22,23,24,25,26,27,28,29,30,31,32,33,34,35,36,37,38,39,40,41,42,43,44,45,46,47,48,49,50,51,52,53,54,55,56,57,58,59,60,61,62,63,64,65,time_to_peak
0,2000,Destiny's Child,Independent Women Part I,218,Rock,2000-09-23,2000-11-18,78.0,63.0,49.0,33.0,23.0,15.0,7.0,5.0,1.0,1.0,1.0,1.0,1.0,1.0,1.0,1.0,1.0,1.0,1.0,2.0,3.0,7.0,10.0,12.0,15.0,22.0,29.0,31.0,,,,,,,,,,,,,,,,,,,,,,,,,,,,,,,,,,,,,,56 days 00:00:00.000000000
1,2000,Santana,"Maria, Maria",258,Rock,2000-02-12,2000-04-08,15.0,8.0,6.0,5.0,2.0,3.0,2.0,2.0,1.0,1.0,1.0,1.0,1.0,1.0,1.0,1.0,1.0,1.0,8.0,15.0,19.0,21.0,26.0,36.0,48.0,47.0,,,,,,,,,,,,,,,,,,,,,,,,,,,,,,,,,,,,,,,,56 days 00:00:00.000000000
2,2000,Savage Garden,I Knew I Loved You,247,Rock,1999-10-23,2000-01-29,71.0,48.0,43.0,31.0,20.0,13.0,7.0,6.0,4.0,4.0,4.0,6.0,4.0,2.0,1.0,1.0,1.0,2.0,1.0,2.0,4.0,8.0,8.0,12.0,14.0,17.0,21.0,24.0,30.0,34.0,37.0,46.0,47.0,,,,,,,,,,,,,,,,,,,,,,,,,,,,,,,,,98 days 00:00:00.000000000
3,2000,Madonna,Music,225,Rock,2000-08-12,2000-09-16,41.0,23.0,18.0,14.0,2.0,1.0,1.0,1.0,1.0,2.0,2.0,2.0,2.0,2.0,4.0,8.0,11.0,16.0,20.0,25.0,27.0,27.0,29.0,44.0,,,,,,,,,,,,,,,,,,,,,,,,,,,,,,,,,,,,,,,,,,35 days 00:00:00.000000000
4,2000,Christina Aguilera,Come On Over Baby (All I Want Is You),218,Rock,2000-08-05,2000-10-14,57.0,47.0,45.0,29.0,23.0,18.0,11.0,9.0,9.0,11.0,1.0,1.0,1.0,1.0,4.0,8.0,12.0,22.0,23.0,43.0,44.0,,,,,,,,,,,,,,,,,,,,,,,,,,,,,,,,,,,,,,,,,,,,,70 days 00:00:00.000000000
5,2000,Janet,Doesn't Really Matter,257,Rock,2000-06-17,2000-08-26,59.0,52.0,43.0,30.0,29.0,22.0,15.0,10.0,10.0,5.0,1.0,1.0,1.0,2.0,2.0,3.0,3.0,7.0,8.0,20.0,25.0,37.0,40.0,41.0,,,,,,,,,,,,,,,,,,,,,,,,,,,,,,,,,,,,,,,,,,70 days 00:00:00.000000000
6,2000,Destiny's Child,Say My Name,271,Rock,1999-12-25,2000-03-18,83.0,83.0,44.0,38.0,16.0,13.0,16.0,16.0,16.0,18.0,17.0,14.0,1.0,1.0,1.0,2.0,2.0,3.0,5.0,5.0,5.0,7.0,10.0,13.0,14.0,18.0,23.0,23.0,34.0,37.0,43.0,47.0,,,,,,,,,,,,,,,,,,,,,,,,,,,,,,,,,,84 days 00:00:00.000000000
7,2000,Enrique Iglesias,Be With You,216,Latin,2000-04-01,2000-06-24,63.0,45.0,34.0,23.0,17.0,12.0,9.0,8.0,8.0,6.0,5.0,4.0,1.0,1.0,1.0,3.0,11.0,14.0,24.0,28.0,,,,,,,,,,,,,,,,,,,,,,,,,,,,,,,,,,,,,,,,,,,,,,84 days 00:00:00.000000000
8,2000,Sisqo,Incomplete,232,Rock,2000-06-24,2000-08-12,77.0,66.0,61.0,61.0,61.0,55.0,2.0,1.0,1.0,2.0,2.0,4.0,5.0,5.0,7.0,8.0,10.0,10.0,9.0,14.0,17.0,20.0,25.0,31.0,32.0,46.0,,,,,,,,,,,,,,,,,,,,,,,,,,,,,,,,,,,,,,,,49 days 00:00:00.000000000
9,2000,Lonestar,Amazed,265,Country,1999-06-05,2000-03-04,81.0,54.0,44.0,39.0,38.0,33.0,29.0,29.0,32.0,27.0,26.0,24.0,27.0,32.0,33.0,35.0,35.0,40.0,43.0,50.0,,,,,,,,,,45.0,45.0,45.0,23.0,17.0,14.0,17.0,18.0,18.0,3.0,1.0,1.0,2.0,3.0,4.0,4.0,5.0,6.0,8.0,9.0,10.0,12.0,15.0,20.0,22.0,22.0,25.0,26.0,31.0,32.0,37.0,42.0,42.0,45.0,50.0,,273 days 00:00:00.000000000
10,2000,N'Sync,It's Gonna Be Me,190,Rock,2000-05-06,2000-07-29,82.0,70.0,51.0,39.0,26.0,19.0,15.0,9.0,7.0,7.0,5.0,4.0,1.0,1.0,3.0,4.0,6.0,10.0,13.0,15.0,18.0,23.0,28.0,38.0,48.0,,,,,,,,,,,,,,,,,,,,,,,,,,,,,,,,,,,,,,,,,84 days 00:00:00.000000000
11,2000,Christina Aguilera,What A Girl Wants,198,Rock,1999-11-27,2000-01-15,71.0,51.0,28.0,18.0,13.0,13.0,11.0,1.0,1.0,2.0,2.0,3.0,3.0,4.0,12.0,11.0,13.0,15.0,18.0,20.0,30.0,40.0,39.0,44.0,,,,,,,,,,,,,,,,,,,,,,,,,,,,,,,,,,,,,,,,,,49 days 00:00:00.000000000
12,2000,Vertical Horizon,Everything You Want,241,Rock,2000-01-22,2000-07-15,70.0,61.0,53.0,46.0,40.0,33.0,31.0,26.0,22.0,19.0,17.0,15.0,13.0,9.0,9.0,8.0,8.0,6.0,7.0,7.0,8.0,3.0,3.0,6.0,6.0,1.0,2.0,3.0,4.0,7.0,9.0,10.0,18.0,20.0,27.0,29.0,36.0,40.0,50.0,47.0,50.0,,,,,,,,,,,,,,,,,,,,,,,,,175 days 00:00:00.000000000
13,2000,Creed,With Arms Wide Open,232,Rock,2000-05-13,2000-11-11,84.0,78.0,76.0,74.0,70.0,68.0,74.0,75.0,69.0,74.0,70.0,79.0,84.0,86.0,76.0,62.0,45.0,29.0,19.0,11.0,10.0,7.0,5.0,3.0,3.0,3.0,1.0,2.0,2.0,3.0,3.0,3.0,4.0,5.0,5.0,5.0,5.0,9.0,12.0,13.0,13.0,17.0,22.0,26.0,28.0,37.0,41.0,,,,,,,,,,,,,,,,,,,182 days 00:00:00.000000000
14,2000,Aaliyah,Try Again,243,Rock,2000-03-18,2000-06-17,59.0,53.0,38.0,28.0,21.0,18.0,16.0,14.0,12.0,10.0,9.0,8.0,6.0,1.0,2.0,2.0,2.0,2.0,3.0,4.0,5.0,5.0,6.0,9.0,13.0,14.0,16.0,23.0,22.0,33.0,36.0,43.0,,,,,,,,,,,,,,,,,,,,,,,,,,,,,,,,,,91 days 00:00:00.000000000
15,2000,matchbox twenty,Bent,252,Rock,2000-04-29,2000-07-22,60.0,37.0,29.0,24.0,22.0,21.0,18.0,16.0,13.0,12.0,8.0,6.0,1.0,2.0,3.0,2.0,2.0,3.0,4.0,5.0,4.0,4.0,6.0,9.0,12.0,13.0,19.0,20.0,20.0,24.0,29.0,28.0,27.0,30.0,33.0,37.0,38.0,38.0,48.0,,,,,,,,,,,,,,,,,,,,,,,,,,,84 days 00:00:00.000000000
16,2000,Mariah Carey,Thank God I Found You,254,Rock,1999-12-11,2000-02-19,82.0,68.0,50.0,50.0,41.0,37.0,26.0,22.0,22.0,2.0,1.0,2.0,4.0,13.0,21.0,28.0,43.0,57.0,82.0,89.0,,,,,,,,,,,,,,,,,,,,,,,,,,,,,,,,,,,,,,,,,,,,,,70 days 00:00:00.000000000
17,2000,Faith Hill,Breathe,244,Rap,1999-11-06,2000-04-22,81.0,68.0,62.0,51.0,42.0,35.0,28.0,28.0,28.0,43.0,30.0,23.0,23.0,21.0,21.0,21.0,5.0,3.0,3.0,4.0,4.0,3.0,3.0,3.0,2.0,2.0,3.0,3.0,2.0,2.0,3.0,4.0,2.0,5.0,8.0,11.0,13.0,14.0,18.0,22.0,23.0,22.0,24.0,30.0,31.0,31.0,38.0,39.0,42.0,49.0,49.0,48.0,47.0,,,,,,,,,,,,,168 days 00:00:00.000000000
18,2000,Mya,Case Of The Ex (Whatcha Gonna Do),230,Rock,2000-08-19,2000-12-02,72.0,57.0,52.0,47.0,42.0,31.0,24.0,18.0,17.0,17.0,17.0,10.0,9.0,9.0,7.0,2.0,2.0,2.0,3.0,4.0,4.0,4.0,4.0,8.0,11.0,15.0,19.0,24.0,23.0,35.0,,,,,,,,,,,,,,,,,,,,,,,,,,,,,,,,,,,,105 days 00:00:00.000000000
19,2000,Dream,He Loves U Not,223,Rock,2000-09-30,2000-12-30,99.0,92.0,81.0,59.0,47.0,42.0,32.0,27.0,18.0,18.0,11.0,8.0,5.0,2.0,2.0,3.0,3.0,3.0,7.0,9.0,10.0,11.0,10.0,19.0,23.0,28.0,38.0,46.0,,,,,,,,,,,,,,,,,,,,,,,,,,,,,,,,,,,,,,91 days 00:00:00.000000000
20,2000,Toni Braxton,He Wasn't Man Enough,261,Rock,2000-03-18,2000-05-06,63.0,55.0,48.0,39.0,35.0,24.0,3.0,2.0,2.0,4.0,4.0,5.0,11.0,12.0,16.0,15.0,14.0,14.0,12.0,10.0,11.0,13.0,13.0,13.0,15.0,16.0,14.0,13.0,17.0,19.0,23.0,29.0,37.0,33.0,34.0,41.0,48.0,,,,,,,,,,,,,,,,,,,,,,,,,,,,,49 days 00:00:00.000000000
21,2000,Marc Anthony,You Sang To Me,230,Latin,2000-02-26,2000-06-03,77.0,54.0,50.0,43.0,30.0,27.0,21.0,18.0,15.0,13.0,13.0,13.0,13.0,5.0,2.0,2.0,5.0,7.0,9.0,12.0,12.0,16.0,20.0,20.0,22.0,25.0,26.0,29.0,35.0,33.0,40.0,44.0,,,,,,,,,,,,,,,,,,,,,,,,,,,,,,,,,,98 days 00:00:00.000000000
22,2000,98¡,Give Me Just One Night (Una Noche),204,Rock,2000-08-19,2000-09-30,51.0,39.0,34.0,26.0,26.0,19.0,2.0,2.0,3.0,6.0,7.0,22.0,29.0,36.0,47.0,67.0,66.0,84.0,93.0,94.0,,,,,,,,,,,,,,,,,,,,,,,,,,,,,,,,,,,,,,,,,,,,,,42 days 00:00:00.000000000
23,2000,Destiny's Child,Jumpin' Jumpin',228,Rock,2000-05-13,2000-08-19,74.0,71.0,65.0,62.0,57.0,50.0,40.0,37.0,22.0,18.0,13.0,8.0,6.0,4.0,3.0,4.0,3.0,3.0,3.0,3.0,4.0,4.0,6.0,7.0,6.0,8.0,10.0,15.0,24.0,30.0,35.0,39.0,,,,,,,,,,,,,,,,,,,,,,,,,,,,,,,,,,98 days 00:00:00.000000000
24,2000,3 Doors Down,Kryptonite,233,Rock,2000-04-08,2000-11-11,81.0,70.0,68.0,67.0,66.0,57.0,54.0,53.0,51.0,51.0,51.0,51.0,47.0,44.0,38.0,28.0,22.0,18.0,18.0,14.0,12.0,7.0,6.0,6.0,6.0,5.0,5.0,4.0,4.0,4.0,4.0,3.0,3.0,3.0,4.0,5.0,5.0,9.0,9.0,15.0,14.0,13.0,14.0,16.0,17.0,21.0,22.0,24.0,28.0,33.0,42.0,42.0,49.0,,,,,,,,,,,,,217 days 00:00:00.000000000
25,2000,Sisqo,Thong Song,245,Rock,2000-01-29,2000-05-20,74.0,63.0,35.0,26.0,26.0,23.0,20.0,16.0,13.0,10.0,6.0,6.0,5.0,4.0,4.0,4.0,3.0,3.0,4.0,3.0,7.0,8.0,13.0,17.0,24.0,31.0,43.0,46.0,,,,,,,,,,,,,,,,,,,,,,,,,,,,,,,,,,,,,,112 days 00:00:00.000000000
26,2000,Christina Aguilera,I Turn To You,240,Rock,2000-04-15,2000-07-01,50.0,39.0,30.0,28.0,21.0,19.0,20.0,17.0,17.0,17.0,17.0,3.0,3.0,7.0,10.0,17.0,25.0,29.0,29.0,40.0,43.0,50.0,,,,,,,,,,,,,,,,,,,,,,,,,,,,,,,,,,,,,,,,,,,,77 days 00:00:00.000000000
27,2000,Whitney Houston,My Love Is Your Love,256,Rock,1999-09-04,2000-01-08,81.0,68.0,44.0,16.0,11.0,9.0,8.0,7.0,8.0,7.0,8.0,8.0,6.0,6.0,5.0,5.0,5.0,5.0,4.0,6.0,10.0,10.0,11.0,20.0,22.0,27.0,34.0,49.0,,,,,,,,,,,,,,,,,,,,,,,,,,,,,,,,,,,,,,126 days 00:00:00.000000000
28,2000,Joe,I Wanna Know,297,Rock,2000-01-01,2000-07-01,94.0,86.0,69.0,50.0,41.0,33.0,32.0,28.0,28.0,27.0,27.0,25.0,23.0,20.0,17.0,15.0,14.0,11.0,11.0,14.0,11.0,11.0,10.0,12.0,10.0,6.0,4.0,5.0,4.0,5.0,5.0,7.0,6.0,8.0,5.0,6.0,9.0,9.0,8.0,14.0,16.0,20.0,32.0,45.0,,,,,,,,,,,,,,,,,,,,,,182 days 00:00:00.000000000
29,2000,Montell Jordan,Get It On.. Tonite,274,Rap,1999-10-23,2000-02-12,92.0,80.0,72.0,69.0,67.0,61.0,54.0,43.0,38.0,24.0,24.0,20.0,19.0,15.0,15.0,5.0,4.0,4.0,7.0,10.0,5.0,9.0,9.0,7.0,9.0,10.0,10.0,15.0,18.0,23.0,30.0,42.0,,,,,,,,,,,,,,,,,,,,,,,,,,,,,,,,,,112 days 00:00:00.000000000
30,2000,N'Sync,Bye Bye Bye,195,Rock,2000-01-29,2000-04-15,42.0,20.0,19.0,14.0,13.0,7.0,6.0,5.0,5.0,5.0,5.0,4.0,4.0,6.0,6.0,7.0,9.0,12.0,18.0,20.0,27.0,34.0,40.0,,,,,,,,,,,,,,,,,,,,,,,,,,,,,,,,,,,,,,,,,,,77 days 00:00:00.000000000
31,2000,Eminem,The Real Slim Shady,282,Rap,2000-05-06,2000-06-24,70.0,32.0,20.0,16.0,11.0,7.0,6.0,4.0,5.0,4.0,8.0,9.0,16.0,30.0,49.0,68.0,83.0,88.0,98.0,,,,,,,,,,,,,,,,,,,,,,,,,,,,,,,,,,,,,,,,,,,,,,,49 days 00:00:00.000000000
32,2000,Pink,Most Girls,246,Rock,2000-08-12,2000-11-25,85.0,70.0,52.0,36.0,27.0,21.0,15.0,13.0,12.0,8.0,5.0,5.0,5.0,6.0,5.0,4.0,6.0,8.0,11.0,14.0,14.0,16.0,18.0,21.0,26.0,39.0,46.0,,,,,,,,,,,,,,,,,,,,,,,,,,,,,,,,,,,,,,,105 days 00:00:00.000000000
33,2000,Samantha Mumba,Gotta Tell You,199,Rock,2000-09-09,2000-12-09,85.0,72.0,65.0,49.0,39.0,25.0,20.0,10.0,9.0,8.0,6.0,5.0,7.0,4.0,6.0,7.0,13.0,17.0,17.0,23.0,29.0,36.0,,,,,,,,,,,,,,,,,,,,,,,,,,,,,,,,,,,,,,,,,,,,91 days 00:00:00.000000000
34,2000,Blaque,Bring It All To Me,226,Pop,1999-10-23,2000-01-22,73.0,63.0,50.0,42.0,24.0,19.0,17.0,14.0,11.0,9.0,9.0,9.0,10.0,5.0,5.0,6.0,8.0,9.0,15.0,15.0,18.0,17.0,18.0,19.0,19.0,22.0,26.0,32.0,42.0,,,,,,,,,,,,,,,,,,,,,,,,,,,,,,,,,,,,,91 days 00:00:00.000000000
35,2000,"Missy ""Misdemeanor"" Elliott",Hot Boyz,231,Rap,1999-11-27,2000-01-08,36.0,21.0,13.0,9.0,7.0,7.0,5.0,7.0,7.0,7.0,8.0,11.0,7.0,10.0,11.0,12.0,15.0,17.0,23.0,30.0,38.0,,,,,,,,,,,,,,,,,,,,,,,,,,,,,,,,,,,,,,,,,,,,,42 days 00:00:00.000000000
36,2000,Macy Gray,I Try,232,Rock,2000-02-19,2000-05-20,68.0,51.0,47.0,36.0,30.0,20.0,15.0,12.0,8.0,7.0,7.0,7.0,6.0,5.0,6.0,9.0,10.0,11.0,14.0,16.0,16.0,16.0,21.0,27.0,34.0,40.0,46.0,,,,,,,,,,,,,,,,,,,,,,,,,,,,,,,,,,,,,,,91 days 00:00:00.000000000
37,2000,N'Sync,This I Promise You,263,Rock,2000-09-30,2000-12-02,68.0,31.0,19.0,15.0,11.0,6.0,7.0,7.0,6.0,5.0,6.0,7.0,10.0,12.0,11.0,9.0,11.0,12.0,20.0,22.0,26.0,30.0,30.0,39.0,41.0,49.0,,,,,,,,,,,,,,,,,,,,,,,,,,,,,,,,,,,,,,,,63 days 00:00:00.000000000
38,2000,Ruff Endz,No More,236,Rock,2000-07-01,2000-09-02,76.0,38.0,19.0,17.0,12.0,15.0,12.0,10.0,7.0,5.0,8.0,8.0,10.0,12.0,14.0,15.0,19.0,23.0,21.0,18.0,19.0,22.0,23.0,24.0,33.0,38.0,,,,,,,,,,,,,,,,,,,,,,,,,,,,,,,,,,,,,,,,63 days 00:00:00.000000000
39,2000,The Backstreet Boys,Show Me The Meaning Of Being Lonely,234,Rock,2000-01-01,2000-03-18,74.0,62.0,55.0,25.0,16.0,14.0,12.0,10.0,12.0,9.0,7.0,6.0,6.0,6.0,8.0,9.0,13.0,19.0,23.0,26.0,32.0,34.0,45.0,47.0,,,,,,,,,,,,,,,,,,,,,,,,,,,,,,,,,,,,,,,,,,77 days 00:00:00.000000000
40,2000,Nine Days,Absolutely (Story Of A Girl),189,Rock,2000-05-06,2000-07-22,85.0,71.0,59.0,52.0,39.0,34.0,26.0,20.0,17.0,13.0,11.0,6.0,6.0,8.0,8.0,7.0,8.0,9.0,11.0,12.0,14.0,18.0,26.0,30.0,36.0,41.0,48.0,,,,,,,,,,,,,,,,,,,,,,,,,,,,,,,,,,,,,,,77 days 00:00:00.000000000
41,2000,Celine Dion,That's The Way It Is,243,Rock,1999-11-13,2000-03-04,74.0,68.0,65.0,49.0,44.0,34.0,30.0,30.0,17.0,14.0,11.0,8.0,9.0,10.0,11.0,11.0,6.0,8.0,7.0,7.0,9.0,10.0,14.0,16.0,26.0,31.0,35.0,42.0,,,,,,,,,,,,,,,,,,,,,,,,,,,,,,,,,,,,,,112 days 00:00:00.000000000
42,2000,Blink-182,All The Small Things,172,Rock,1999-12-04,2000-02-19,89.0,76.0,69.0,59.0,59.0,51.0,50.0,35.0,26.0,15.0,7.0,6.0,8.0,8.0,9.0,11.0,14.0,16.0,18.0,23.0,33.0,41.0,43.0,,,,,,,,,,,,,,,,,,,,,,,,,,,,,,,,,,,,,,,,,,,77 days 00:00:00.000000000
43,2000,Eiffel 65,Blue (Da Ba Dee),209,Electronica,1999-12-11,2000-01-29,67.0,29.0,16.0,16.0,13.0,11.0,9.0,6.0,7.0,9.0,13.0,19.0,21.0,24.0,32.0,42.0,56.0,60.0,76.0,88.0,,,,,,,,,,,,,,,,,,,,,,,,,,,,,,,,,,,,,,,,,,,,,,49 days 00:00:00.000000000
44,2000,Erkyah Badu,Bag Lady,303,Rock,2000-08-19,2000-10-07,67.0,53.0,42.0,41.0,48.0,42.0,34.0,6.0,9.0,9.0,8.0,11.0,15.0,21.0,26.0,29.0,26.0,38.0,56.0,66.0,,,,,,,,,,,,,,,,,,,,,,,,,,,,,,,,,,,,,,,,,,,,,,49 days 00:00:00.000000000
45,2000,Pink,There U Go,203,Rock,2000-03-04,2000-04-08,25.0,15.0,12.0,11.0,11.0,7.0,7.0,12.0,14.0,15.0,15.0,17.0,19.0,16.0,15.0,14.0,12.0,10.0,10.0,10.0,8.0,9.0,12.0,16.0,20.0,22.0,33.0,39.0,39.0,41.0,46.0,44.0,,,,,,,,,,,,,,,,,,,,,,,,,,,,,,,,,,35 days 00:00:00.000000000
46,2000,Creed,Higher,316,Rock,1999-09-11,2000-07-22,81.0,77.0,73.0,63.0,61.0,58.0,56.0,52.0,56.0,57.0,57.0,57.0,57.0,57.0,60.0,61.0,61.0,57.0,60.0,61.0,,,,,,,,,43.0,41.0,34.0,28.0,25.0,23.0,22.0,16.0,16.0,18.0,14.0,13.0,13.0,11.0,11.0,9.0,9.0,7.0,7.0,9.0,9.0,12.0,14.0,16.0,17.0,17.0,21.0,26.0,29.0,32.0,39.0,39.0,43.0,47.0,50.0,50.0,49.0,315 days 00:00:00.000000000
47,2000,Nelly,(Hot S**t) Country Grammar,257,Rap,2000-04-29,2000-09-16,100.0,99.0,96.0,76.0,55.0,37.0,24.0,24.0,30.0,36.0,37.0,30.0,23.0,21.0,17.0,17.0,15.0,11.0,11.0,10.0,7.0,7.0,8.0,10.0,11.0,12.0,12.0,17.0,19.0,23.0,33.0,37.0,36.0,49.0,,,,,,,,,,,,,,,,,,,,,,,,,,,,,,,,140 days 00:00:00.000000000
48,2000,Next,Wifey,243,Rock,2000-05-27,2000-09-09,85.0,61.0,46.0,40.0,36.0,31.0,25.0,22.0,25.0,24.0,21.0,20.0,19.0,19.0,8.0,7.0,10.0,12.0,21.0,25.0,35.0,,,,,,,,,,,,,,,,,,,,,,,,,,,,,,,,,,,,,,,,,,,,,105 days 00:00:00.000000000
49,2000,Kenny G,Auld Lang Syne (The Millenium Mix),470,Jazz,1999-12-25,2000-01-08,89.0,89.0,7.0,8.0,66.0,,,,,,,,,,,,,,,,,,,,,,,,,,,,,,,,,,,,,,,,,,,,,,,,,,,,,,,,,,,,,14 days 00:00:00.000000000
50,2000,Sonique,It Feels So Good,228,Rock,2000-01-22,2000-04-22,67.0,52.0,30.0,23.0,19.0,17.0,16.0,16.0,14.0,12.0,13.0,13.0,11.0,8.0,10.0,10.0,11.0,14.0,17.0,19.0,21.0,31.0,38.0,49.0,,,,,,,,,,,,,,,,,,,,,,,,,,,,,,,,,,,,,,,,,,91 days 00:00:00.000000000
51,2000,Britney Spears,Oops!.. I Did It Again,210,Rock,2000-04-22,2000-06-10,67.0,38.0,26.0,19.0,15.0,13.0,12.0,9.0,9.0,10.0,14.0,15.0,17.0,24.0,35.0,49.0,77.0,85.0,90.0,96.0,,,,,,,,,,,,,,,,,,,,,,,,,,,,,,,,,,,,,,,,,,,,,,49 days 00:00:00.000000000
52,2000,The Backstreet Boys,Shape Of My Heart,229,Rock,2000-10-14,2000-12-02,39.0,25.0,24.0,15.0,12.0,12.0,10.0,9.0,10.0,12.0,17.0,19.0,29.0,26.0,24.0,31.0,52.0,63.0,62.0,70.0,,,,,,,,,,,,,,,,,,,,,,,,,,,,,,,,,,,,,,,,,,,,,,49 days 00:00:00.000000000
53,2000,Everclear,Wonderful,270,Rock,2000-07-08,2000-09-30,77.0,69.0,53.0,37.0,33.0,25.0,24.0,23.0,22.0,25.0,28.0,25.0,11.0,13.0,13.0,11.0,18.0,28.0,36.0,39.0,45.0,,,,,,,,,,,,,,,,,,,,,,,,,,,,,,,,,,,,,,,,,,,,,84 days 00:00:00.000000000
54,2000,Ja Rule,Between Me And You,245,Rap,2000-09-16,2000-11-18,85.0,74.0,61.0,37.0,27.0,22.0,22.0,16.0,14.0,11.0,11.0,14.0,17.0,18.0,18.0,21.0,30.0,30.0,42.0,53.0,,,,,,,,,,,,,,,,,,,,,,,,,,,,,,,,,,,,,,,,,,,,,,63 days 00:00:00.000000000
55,2000,LeAnn Rimes,I Need You,222,Country,2000-05-27,2000-08-12,77.0,68.0,67.0,63.0,59.0,59.0,59.0,53.0,51.0,50.0,13.0,11.0,11.0,15.0,12.0,12.0,13.0,16.0,19.0,21.0,21.0,24.0,25.0,30.0,41.0,,,,,,,,,,,,,,,,,,,,,,,,,,,,,,,,,,,,,,,,,77 days 00:00:00.000000000
56,2000,Smash Mouth,Then The Morning Comes,184,Rock,1999-10-30,2000-01-29,83.0,59.0,56.0,46.0,27.0,23.0,19.0,16.0,14.0,14.0,16.0,15.0,12.0,11.0,13.0,17.0,20.0,23.0,24.0,25.0,27.0,31.0,33.0,35.0,41.0,48.0,,,,,,,,,,,,,,,,,,,,,,,,,,,,,,,,,,,,,,,,91 days 00:00:00.000000000
57,2000,Jay-Z,I Just Wanna Love U (Give It 2 Me),230,Rap,2000-10-28,2000-12-30,58.0,45.0,35.0,26.0,23.0,19.0,14.0,14.0,13.0,11.0,12.0,12.0,12.0,15.0,15.0,19.0,24.0,28.0,29.0,30.0,40.0,,,,,,,,,,,,,,,,,,,,,,,,,,,,,,,,,,,,,,,,,,,,,63 days 00:00:00.000000000
58,2000,Jagged Edge,Let's Get Married,263,Rock,2000-05-06,2000-07-29,77.0,66.0,55.0,45.0,38.0,42.0,33.0,29.0,28.0,26.0,23.0,15.0,11.0,14.0,14.0,17.0,20.0,20.0,21.0,23.0,24.0,29.0,36.0,47.0,,,,,,,,,,,,,,,,,,,,,,,,,,,,,,,,,,,,,,,,,,84 days 00:00:00.000000000
59,2000,Filter,Take A Picture,263,Rock,1999-11-27,2000-02-05,91.0,74.0,64.0,52.0,38.0,38.0,34.0,31.0,21.0,19.0,12.0,13.0,15.0,20.0,19.0,22.0,23.0,24.0,31.0,42.0,,,,,,,,,,,,,,,,,,,,,,,,,,,,,,,,,,,,,,,,,,,,,,70 days 00:00:00.000000000
60,2000,Ricky Martin,She Bangs,242,Latin,2000-10-07,2000-12-02,38.0,28.0,21.0,21.0,18.0,16.0,13.0,13.0,12.0,20.0,22.0,29.0,43.0,54.0,55.0,73.0,92.0,100.0,,,,,,,,,,,,,,,,,,,,,,,,,,,,,,,,,,,,,,,,,,,,,,,,56 days 00:00:00.000000000
61,2000,Mystikal,Shake Ya Ass,286,Rap,2000-08-12,2000-10-28,97.0,90.0,65.0,41.0,34.0,25.0,22.0,15.0,15.0,14.0,14.0,13.0,13.0,13.0,17.0,19.0,24.0,30.0,42.0,58.0,,,,,,,,,,,,,,,,,,,,,,,,,,,,,,,,,,,,,,,,,,,,,,77 days 00:00:00.000000000
62,2000,BBMak,Back Here,215,Rock,2000-04-29,2000-07-29,99.0,86.0,60.0,52.0,38.0,34.0,28.0,21.0,18.0,18.0,19.0,15.0,18.0,13.0,16.0,15.0,16.0,16.0,17.0,15.0,18.0,17.0,16.0,22.0,24.0,30.0,36.0,37.0,42.0,45.0,49.0,,,,,,,,,,,,,,,,,,,,,,,,,,,,,,,,,,,91 days 00:00:00.000000000
63,2000,Britney Spears,From The Bottom Of My Broken Heart,270,Rock,2000-01-29,2000-02-26,76.0,59.0,52.0,52.0,14.0,14.0,17.0,24.0,33.0,35.0,41.0,45.0,54.0,64.0,64.0,81.0,97.0,92.0,86.0,90.0,,,,,,,,,,,,,,,,,,,,,,,,,,,,,,,,,,,,,,,,,,,,,,28 days 00:00:00.000000000
64,2000,Third Eye Blind,Never Let You Go,237,Rock,2000-01-22,2000-04-01,65.0,32.0,25.0,24.0,23.0,22.0,22.0,21.0,19.0,16.0,14.0,16.0,16.0,17.0,18.0,21.0,22.0,25.0,27.0,33.0,45.0,46.0,,,,,,,,,,,,,,,,,,,,,,,,,,,,,,,,,,,,,,,,,,,,70 days 00:00:00.000000000
65,2000,Red Hot Chili Peppers,Otherside,253,Rock,2000-02-12,2000-05-27,80.0,72.0,65.0,52.0,51.0,49.0,40.0,37.0,32.0,29.0,29.0,29.0,29.0,24.0,18.0,14.0,15.0,16.0,19.0,22.0,29.0,45.0,,,,,,,,,,,,,,,,,,,,,,,,,,,,,,,,,,,,,,,,,,,,105 days 00:00:00.000000000
66,2000,Profyle,Liar,237,R&B,2000-09-16,2000-10-28,52.0,32.0,25.0,17.0,16.0,16.0,14.0,19.0,24.0,33.0,35.0,43.0,54.0,61.0,69.0,75.0,86.0,81.0,94.0,99.0,,,,,,,,,,,,,,,,,,,,,,,,,,,,,,,,,,,,,,,,,,,,,,42 days 00:00:00.000000000
67,2000,Barenaked Ladies,Pinch Me,226,Rock,2000-09-09,2000-11-25,77.0,76.0,69.0,45.0,51.0,37.0,33.0,29.0,26.0,25.0,16.0,15.0,15.0,19.0,19.0,20.0,22.0,20.0,21.0,34.0,44.0,,,,,,,,,,,,,,,,,,,,,,,,,,,,,,,,,,,,,,,,,,,,,77 days 00:00:00.000000000
68,2000,Jagged Edge,He Can't Love U,210,Rock,1999-12-11,2000-01-08,54.0,32.0,17.0,17.0,15.0,18.0,18.0,18.0,18.0,25.0,24.0,24.0,26.0,33.0,44.0,51.0,53.0,65.0,69.0,77.0,,,,,,,,,,,,,,,,,,,,,,,,,,,,,,,,,,,,,,,,,,,,,,28 days 00:00:00.000000000
69,2000,504 Boyz,Wobble Wobble,215,Rap,2000-04-15,2000-05-06,57.0,34.0,25.0,17.0,17.0,31.0,36.0,49.0,53.0,57.0,64.0,70.0,75.0,76.0,78.0,85.0,92.0,96.0,,,,,,,,,,,,,,,,,,,,,,,,,,,,,,,,,,,,,,,,,,,,,,,,21 days 00:00:00.000000000
70,2000,Sting,Desert Rose,232,Rock,2000-05-13,2000-08-26,98.0,88.0,72.0,59.0,55.0,52.0,45.0,35.0,24.0,21.0,19.0,19.0,19.0,19.0,18.0,17.0,19.0,19.0,24.0,26.0,30.0,32.0,42.0,45.0,42.0,49.0,,,,,,,,,,,,,,,,,,,,,,,,,,,,,,,,,,,,,,,,105 days 00:00:00.000000000
71,2000,Jay-Z,Big Pimpin',235,Rap,2000-04-22,2000-07-08,69.0,52.0,39.0,33.0,28.0,25.0,25.0,23.0,20.0,19.0,21.0,18.0,20.0,20.0,26.0,29.0,35.0,33.0,41.0,50.0,,,,,,,,,,,,,,,,,,,,,,,,,,,,,,,,,,,,,,,,,,,,,,77 days 00:00:00.000000000
72,2000,Kid Rock,Only God Knows Why,327,Rock,2000-02-19,2000-04-15,63.0,47.0,46.0,39.0,35.0,26.0,26.0,23.0,19.0,19.0,21.0,25.0,25.0,29.0,32.0,44.0,52.0,62.0,69.0,78.0,,,,,,,,,,,,,,,,,,,,,,,,,,,,,,,,,,,,,,,,,,,,,,56 days 00:00:00.000000000
73,2000,Foo Fighters,Learn To Fly,235,Rock,1999-10-16,2000-01-22,80.0,69.0,68.0,63.0,60.0,52.0,42.0,32.0,30.0,25.0,22.0,22.0,26.0,20.0,19.0,20.0,26.0,30.0,35.0,42.0,50.0,,,,,,,,,,,,,,,,,,,,,,,,,,,,,,,,,,,,,,,,,,,,,98 days 00:00:00.000000000
74,2000,The Dixie Chicks,Goodbye Earl,259,Country,2000-03-18,2000-05-06,40.0,29.0,24.0,24.0,20.0,20.0,20.0,19.0,38.0,61.0,86.0,88.0,96.0,96.0,98.0,,,,,,,,,,,,,,,,,,,,,,,,,,,,,,,,,,,,,,,,,,,,,,,,,,,49 days 00:00:00.000000000
75,2000,Guy,Dancin',248,R&B,1999-12-18,2000-01-01,46.0,29.0,19.0,22.0,36.0,44.0,58.0,58.0,68.0,75.0,94.0,,,,,,,,,,,,,,,,,,,,,,,,,,,,,,,,,,,,,,,,,,,,,,,,,,,,,,,14 days 00:00:00.000000000
76,2000,Lil Bow Wow,Bounce With Me,202,Rap,2000-08-19,2000-09-16,48.0,35.0,24.0,24.0,20.0,20.0,20.0,20.0,22.0,27.0,27.0,36.0,40.0,53.0,61.0,69.0,80.0,90.0,99.0,,,100.0,,,,,,,,,,,,,,,,,,,,,,,,,,,,,,,,,,,,,,,,,,,,28 days 00:00:00.000000000
77,2000,Westlife,Swear It Again,247,Rock,2000-04-01,2000-07-01,96.0,82.0,66.0,55.0,55.0,46.0,44.0,44.0,37.0,35.0,32.0,25.0,21.0,20.0,20.0,25.0,30.0,33.0,45.0,56.0,,,,,,,,,,,,,,,,,,,,,,,,,,,,,,,,,,,,,,,,,,,,,,91 days 00:00:00.000000000
78,2000,Train,Meet Virginia,235,Rock,1999-10-09,2000-01-22,76.0,67.0,59.0,54.0,48.0,45.0,40.0,32.0,26.0,24.0,22.0,21.0,21.0,24.0,21.0,20.0,21.0,24.0,28.0,30.0,32.0,37.0,37.0,42.0,46.0,50.0,50.0,,,,,,,,,,,,,,,,,,,,,,,,,,,,,,,,,,,,,,,105 days 00:00:00.000000000
79,2000,Carl Thomas,I Wish,230,Rock,2000-03-25,2000-05-13,75.0,64.0,48.0,39.0,32.0,28.0,24.0,20.0,22.0,21.0,22.0,26.0,23.0,24.0,27.0,28.0,42.0,44.0,52.0,67.0,,,,,,,,,,,,,,,,,,,,,,,,,,,,,,,,,,,,,,,,,,,,,,49 days 00:00:00.000000000
80,2000,Hanson,This Time Around,254,Country,2000-04-22,2000-05-06,22.0,22.0,20.0,45.0,87.0,71.0,95.0,,,,,,,,,,,,,,,,,,,,,,,,,,,,,,,,,,,,,,,,,,,,,,,,,,,,,,,,,,,14 days 00:00:00.000000000
81,2000,Jessica Simpson,I Think I'm In Love With You,212,Pop,2000-07-01,2000-08-12,63.0,52.0,44.0,29.0,25.0,23.0,21.0,21.0,21.0,27.0,38.0,38.0,57.0,74.0,89.0,96.0,,,,,,,,,,,,,,,,,,,,,,,,,,,,,,,,,,,,,,,,,,,,,,,,,,42 days 00:00:00.000000000
82,2000,Ludacris,What's Your Fantasy,256,Rap,2000-09-30,2000-12-16,89.0,83.0,63.0,55.0,49.0,40.0,33.0,32.0,30.0,25.0,22.0,21.0,24.0,24.0,24.0,27.0,25.0,34.0,32.0,35.0,41.0,47.0,,,,,,,,,,,,,,,,,,,,,,,,,,,,,,,,,,,,,,,,,,,,77 days 00:00:00.000000000
83,2000,Lil' Zane,Callin' Me,223,Rap,2000-07-29,2000-09-02,83.0,89.0,57.0,40.0,34.0,21.0,33.0,46.0,45.0,59.0,67.0,84.0,95.0,,,,,,,,,,,,,,,,,,,,,,,,,,,,,,,,,,,,,,,,,,,,,,,,,,,,,35 days 00:00:00.000000000
84,2000,M2M,Don't Say You Love Me,221,Pop,1999-11-20,2000-01-08,72.0,53.0,62.0,46.0,54.0,44.0,44.0,21.0,64.0,92.0,98.0,98.0,,,,,,,,,,,,,,,,,,,,,,,,,,,,,,,,,,,,,,,,,,,,,,,,,,,,,,49 days 00:00:00.000000000
85,2000,SoulDecision,Faded,205,Rock,2000-07-08,2000-09-09,94.0,90.0,81.0,64.0,56.0,43.0,35.0,27.0,25.0,22.0,22.0,27.0,27.0,27.0,31.0,31.0,30.0,34.0,31.0,34.0,34.0,38.0,45.0,50.0,,,,,,,,,,,,,,,,,,,,,,,,,,,,,,,,,,,,,,,,,,63 days 00:00:00.000000000
86,2000,Chad Brock,Yes!,202,Country,2000-04-08,2000-07-01,90.0,77.0,66.0,61.0,59.0,47.0,39.0,33.0,32.0,31.0,28.0,27.0,22.0,27.0,31.0,39.0,45.0,50.0,53.0,59.0,,,,,,,,,,,,,,,,,,,,,,,,,,,,,,,,,,,,,,,,,,,,,,84 days 00:00:00.000000000
87,2000,Ricky Martin,Shake Your Bon-Bon,188,Latin,1999-11-20,2000-02-12,74.0,66.0,52.0,39.0,39.0,39.0,39.0,46.0,47.0,54.0,91.0,28.0,22.0,33.0,46.0,70.0,87.0,93.0,,,,,,,,,,,,,,,,,,,,,,,,,,,,,,,,,,,,,,,,,,,,,,,,84 days 00:00:00.000000000
88,2000,Vertical Horizon,You're A God,225,Rock,2000-08-26,2000-11-04,64.0,55.0,43.0,41.0,37.0,31.0,30.0,29.0,28.0,26.0,23.0,23.0,25.0,32.0,32.0,37.0,37.0,41.0,46.0,48.0,49.0,,,,,,,,,,,,,,,,,,,,,,,,,,,,,,,,,,,,,,,,,,,,,70 days 00:00:00.000000000
89,2000,Avant,Separated,253,Rock,2000-04-29,2000-05-20,62.0,32.0,30.0,23.0,26.0,30.0,35.0,32.0,32.0,25.0,23.0,28.0,27.0,29.0,27.0,31.0,31.0,33.0,40.0,51.0,,,,,,,,,,,,,,,,,,,,,,,,,,,,,,,,,,,,,,,,,,,,,,21 days 00:00:00.000000000
90,2000,LeAnn Rimes,Big Deal,183,Country,1999-10-16,2000-01-01,71.0,52.0,51.0,51.0,51.0,48.0,41.0,37.0,29.0,26.0,26.0,23.0,30.0,28.0,27.0,25.0,31.0,43.0,56.0,70.0,,,,,,,,,,,,,,,,,,,,,,,,,,,,,,,,,,,,,,,,,,,,,,77 days 00:00:00.000000000
91,2000,IMx,Stay The Night,217,Rap,1999-10-09,2000-01-08,84.0,61.0,45.0,43.0,40.0,38.0,36.0,31.0,34.0,34.0,40.0,36.0,36.0,23.0,41.0,62.0,70.0,71.0,79.0,78.0,,,,,,,,,,,,,,,,,,,,,,,,,,,,,,,,,,,,,,,,,,,,,,91 days 00:00:00.000000000
92,2000,Dr. Dre,The Next Episode,158,Rap,2000-05-27,2000-07-29,78.0,67.0,58.0,53.0,46.0,41.0,32.0,27.0,26.0,23.0,26.0,27.0,32.0,32.0,44.0,46.0,47.0,50.0,52.0,58.0,,,,,,,,,,,,,,,,,,,,,,,,,,,,,,,,,,,,,,,,,,,,,,63 days 00:00:00.000000000
93,2000,Britney Spears,Lucky,203,Rock,2000-08-12,2000-09-09,61.0,41.0,28.0,26.0,23.0,29.0,30.0,40.0,66.0,86.0,100.0,,,,,,,,,,,,,,,,,,,,,,,,,,,,,,,,,,,,,,,,,,,,,,,,,,,,,,,28 days 00:00:00.000000000
94,2000,Savage Garden,Crash And Burn,281,Rock,2000-04-08,2000-05-27,75.0,58.0,51.0,36.0,33.0,31.0,26.0,24.0,24.0,29.0,34.0,39.0,46.0,47.0,48.0,49.0,58.0,63.0,73.0,87.0,,,,,,,,,,,,,,,,,,,,,,,,,,,,,,,,,,,,,,,,,,,,,,49 days 00:00:00.000000000
95,2000,Kandi,Don't Think I'm Not,230,Rock,2000-08-05,2000-10-07,66.0,66.0,66.0,61.0,49.0,42.0,36.0,33.0,28.0,24.0,26.0,26.0,28.0,29.0,27.0,31.0,31.0,26.0,25.0,25.0,30.0,40.0,36.0,41.0,,,,,,,,,,,,,,,,,,,,,,,,,,,,,,,,,,,,,,,,,,63 days 00:00:00.000000000
96,2000,Sammie,I Like It,249,Rock,2000-01-29,2000-04-15,85.0,68.0,58.0,44.0,40.0,33.0,30.0,29.0,37.0,29.0,29.0,24.0,36.0,46.0,52.0,61.0,83.0,93.0,91.0,89.0,,,,,,,,,,,,,,,,,,,,,,,,,,,,,,,,,,,,,,,,,,,,,,77 days 00:00:00.000000000
97,2000,Goo Goo Dolls,Broadway,234,Rock,2000-04-22,2000-07-01,74.0,58.0,53.0,42.0,35.0,31.0,29.0,25.0,29.0,26.0,24.0,33.0,46.0,48.0,57.0,62.0,74.0,82.0,85.0,87.0,,,,,,,,,,,,,,,,,,,,,,,,,,,,,,,,,,,,,,,,,,,,,,70 days 00:00:00.000000000
98,2000,Mandy Moore,I Wanna Be With You,252,Pop,2000-06-17,2000-08-12,69.0,63.0,54.0,50.0,45.0,42.0,31.0,28.0,24.0,34.0,42.0,53.0,65.0,66.0,77.0,94.0,99.0,,,,,93.0,91.0,91.0,90.0,89.0,86.0,,,,,,,,,,,,,,,,,,,,,,,,,,,,,,,,,,,,,,,56 days 00:00:00.000000000
99,2000,Dr. Dre,Forgot About Dre,222,Rap,2000-01-22,2000-03-25,75.0,55.0,47.0,36.0,36.0,30.0,30.0,31.0,26.0,25.0,25.0,26.0,26.0,28.0,34.0,47.0,58.0,68.0,80.0,82.0,,,,,,,,,,,,,,,,,,,,,,,,,,,,,,,,,,,,,,,,,,,,,,63 days 00:00:00.000000000
100,2000,D'Angelo,Untitled (How Does It Feel),430,R&B,2000-01-22,2000-02-19,77.0,56.0,35.0,26.0,25.0,25.0,28.0,28.0,31.0,35.0,39.0,44.0,51.0,60.0,73.0,79.0,94.0,,,,,,,,,,,,,,,,,,,,,,,,,,,,,,,,,,,,,,,,,,,,,,,,,28 days 00:00:00.000000000
101,2000,Jo Dee Messina,That's The Way,197,Country,2000-06-24,2000-08-26,78.0,67.0,63.0,54.0,50.0,44.0,38.0,30.0,27.0,25.0,31.0,28.0,30.0,28.0,32.0,35.0,48.0,46.0,51.0,59.0,,,,,,,,,,,,,,,,,,,,,,,,,,,,,,,,,,,,,,,,,,,,,,63 days 00:00:00.000000000
102,2000,Avant,My First Love,268,Rock,2000-11-04,2000-12-16,70.0,62.0,56.0,43.0,39.0,33.0,26.0,26.0,26.0,31.0,32.0,31.0,38.0,38.0,52.0,57.0,64.0,73.0,81.0,79.0,,,,,,,,,,,,,,,,,,,,,,,,,,,,,,,,,,,,,,,,,,,,,,42 days 00:00:00.000000000
103,2000,Son By Four,A Puro Dolor (Purest Of Pain),210,Latin,2000-04-08,2000-08-19,80.0,80.0,80.0,79.0,72.0,73.0,65.0,64.0,60.0,60.0,48.0,48.0,48.0,43.0,35.0,32.0,30.0,32.0,37.0,26.0,31.0,28.0,30.0,32.0,39.0,35.0,,,,,,,,,,,,,,,,,,,,,,,,,,,,,,,,,,,,,,,,133 days 00:00:00.000000000
104,2000,Da Brat,What'Chu Like,237,Rap,2000-06-03,2000-08-12,71.0,65.0,54.0,54.0,51.0,41.0,41.0,33.0,28.0,31.0,26.0,28.0,36.0,39.0,49.0,58.0,62.0,65.0,68.0,68.0,,,,,,,,,,,,,,,,,,,,,,,,,,,,,,,,,,,,,,,,,,,,,,70 days 00:00:00.000000000
105,2000,DMX,Party Up (Up In Here),225,Rap,2000-02-26,2000-04-22,88.0,74.0,62.0,56.0,49.0,44.0,38.0,32.0,27.0,27.0,27.0,27.0,27.0,28.0,28.0,33.0,35.0,42.0,44.0,46.0,43.0,,,,,,,,,,,,,,,,,,,,,,,,,,,,,,,,,,,,,,,,,,,,,56 days 00:00:00.000000000
106,2000,The Dixie Chicks,Cowboy Take Me Away,291,Country,1999-11-27,2000-01-29,79.0,72.0,70.0,61.0,52.0,52.0,52.0,39.0,31.0,27.0,27.0,27.0,31.0,37.0,40.0,47.0,51.0,56.0,59.0,59.0,,,,,,,,,,,,,,,,,,,,,,,,,,,,,,,,,,,,,,,,,,,,,,63 days 00:00:00.000000000
107,2000,Tim McGraw,My Next Thirty Years,217,Country,2000-10-21,2000-12-16,73.0,62.0,56.0,52.0,46.0,40.0,36.0,31.0,27.0,27.0,28.0,40.0,33.0,33.0,39.0,40.0,48.0,53.0,58.0,62.0,,,,,,,,,,,,,,,,,,,,,,,,,,,,,,,,,,,,,,,,,,,,,,56 days 00:00:00.000000000
108,2000,Travis Tritt,Best Of Intentions,255,Country,2000-08-19,2000-12-02,97.0,86.0,79.0,70.0,63.0,56.0,50.0,48.0,51.0,38.0,33.0,31.0,28.0,28.0,28.0,27.0,29.0,31.0,37.0,45.0,49.0,48.0,,,,,,,,,,,,,,,,,,,,,,,,,,,,,,,,,,,,,,,,,,,,105 days 00:00:00.000000000
109,2000,Alice Deejay,Better Off Alone,410,Electronica,2000-04-08,2000-06-03,79.0,65.0,53.0,48.0,45.0,36.0,34.0,29.0,27.0,30.0,36.0,37.0,39.0,49.0,57.0,63.0,65.0,68.0,79.0,86.0,,,,,,,,,,,,,,,,,,,,,,,,,,,,,,,,,,,,,,,,,,,,,,56 days 00:00:00.000000000
110,2000,Hoku,Another Dumb Blonde,227,Pop,2000-02-19,2000-04-08,69.0,49.0,49.0,34.0,34.0,34.0,30.0,27.0,36.0,41.0,53.0,56.0,80.0,100.0,,,,,,,,,,,,,,,,,,,,,,,,,,,,,,,,,,,,,,,,,,,,,,,,,,,,49 days 00:00:00.000000000
111,2000,Whitney Houston,I Learned From The Best,258,Rock,2000-02-19,2000-03-25,83.0,83.0,83.0,40.0,28.0,27.0,28.0,36.0,53.0,73.0,82.0,,,,,,,,,,,,,,,,,,,,,,,,,,,,,,,,,,,,,,,,,,,,,,,,,,,,,,,35 days 00:00:00.000000000
112,2000,Counting Crows,Hanginaround,247,Rock,1999-11-06,2000-01-29,84.0,70.0,66.0,60.0,46.0,37.0,35.0,35.0,35.0,32.0,29.0,29.0,28.0,32.0,38.0,48.0,56.0,59.0,61.0,66.0,,,,,,,,,,,,,,,,,,,,,,,,,,,,,,,,,,,,,,,,,,,,,,84 days 00:00:00.000000000
113,2000,Mary Mary,Shackles (Praise You),192,Rock,2000-03-25,2000-05-13,90.0,76.0,72.0,54.0,43.0,37.0,34.0,28.0,33.0,30.0,31.0,39.0,43.0,53.0,60.0,70.0,71.0,76.0,84.0,94.0,,,,,,,,,,,,,,,,,,,,,,,,,,,,,,,,,,,,,,,,,,,,,,49 days 00:00:00.000000000
114,2000,Mariah Carey,Crybaby,319,Rock,2000-06-24,2000-06-24,28.0,34.0,48.0,62.0,77.0,90.0,95.0,,,,,,,,,,,,,,,,,,,,,,,,,,,,,,,,,,,,,,,,,,,,,,,,,,,,,,,,,,,0 days 00:00:00.000000000
115,2000,Tim McGraw,My Best Friend,273,Country,1999-11-27,2000-01-29,85.0,76.0,71.0,64.0,54.0,54.0,55.0,46.0,38.0,29.0,29.0,33.0,32.0,31.0,36.0,38.0,39.0,41.0,46.0,49.0,48.0,,,,,,,,,,,,,,,,,,,,,,,,,,,,,,,,,,,,,,,,,,,,,63 days 00:00:00.000000000
116,2000,Sugar Ray,Falls Apart,255,Rock,2000-01-15,2000-02-19,70.0,64.0,54.0,40.0,34.0,29.0,29.0,32.0,32.0,37.0,47.0,49.0,52.0,60.0,76.0,80.0,89.0,97.0,98.0,100.0,,,,,,,,,,,,,,,,,,,,,,,,,,,,,,,,,,,,,,,,,,,,,,35 days 00:00:00.000000000
117,2000,Madonna,American Pie,270,Rock,2000-02-19,2000-03-04,43.0,35.0,29.0,29.0,33.0,32.0,40.0,58.0,88.0,,,,,,,,,,,,,,,,,,,,,,,,,,,,,,,,,,,,,,,,,,,,,,,,,,,,,,,,,14 days 00:00:00.000000000
118,2000,Donell Jones,Where I Wanna Be,382,Rock,2000-04-22,2000-07-08,81.0,71.0,65.0,50.0,41.0,41.0,36.0,41.0,38.0,35.0,33.0,29.0,36.0,34.0,34.0,40.0,42.0,49.0,55.0,62.0,,,,,,,,,,,,,,,,,,,,,,,,,,,,,,,,,,,,,,,,,,,,,,77 days 00:00:00.000000000
119,2000,Brad Paisley,We Danced,225,Country,2000-10-14,2000-12-16,71.0,68.0,52.0,52.0,45.0,42.0,39.0,34.0,34.0,29.0,36.0,42.0,55.0,53.0,57.0,64.0,72.0,84.0,83.0,86.0,,,,,,,,,,,,,,,,,,,,,,,,,,,,,,,,,,,,,,,,,,,,,,63 days 00:00:00.000000000
120,2000,Lonestar,What About Now,210,Country,2000-06-10,2000-08-19,78.0,72.0,66.0,64.0,56.0,50.0,47.0,39.0,37.0,34.0,30.0,30.0,35.0,36.0,37.0,43.0,54.0,60.0,61.0,69.0,,,,,,,,,,,,,,,,,,,,,,,,,,,,,,,,,,,,,,,,,,,,,,70 days 00:00:00.000000000
121,2000,The Backstreet Boys,The One,226,Rock,2000-05-27,2000-07-01,58.0,50.0,43.0,37.0,31.0,30.0,39.0,47.0,55.0,61.0,76.0,90.0,93.0,93.0,100.0,,,,,,,,,,,,,,,,,,,,,,,,,,,,,,,,,,,,,,,,,,,,,,,,,,,35 days 00:00:00.000000000
122,2000,Toby Keith,How Do You Like Me Now?!,209,Country,2000-01-29,2000-04-08,77.0,72.0,59.0,53.0,45.0,43.0,41.0,36.0,36.0,32.0,31.0,31.0,35.0,35.0,38.0,43.0,45.0,51.0,52.0,54.0,,,,,,,,,,,,,,,,,,,,,,,,,,,,,,,,,,,,,,,,,,,,,,70 days 00:00:00.000000000
123,2000,George Strait,The Best Day,204,Country,2000-01-29,2000-04-22,73.0,64.0,54.0,45.0,44.0,44.0,44.0,41.0,39.0,34.0,33.0,33.0,31.0,33.0,36.0,39.0,43.0,49.0,53.0,62.0,,,,,,,,,,,,,,,,,,,,,,,,,,,,,,,,,,,,,,,,,,,,,,84 days 00:00:00.000000000
124,2000,The Dixie Chicks,Without You,212,Country,2000-10-07,2000-12-23,80.0,70.0,63.0,56.0,50.0,49.0,48.0,46.0,41.0,40.0,35.0,31.0,33.0,44.0,36.0,35.0,37.0,43.0,51.0,54.0,,,,,,,,,,,,,,,,,,,,,,,,,,,,,,,,,,,,,,,,,,,,,,77 days 00:00:00.000000000
125,2000,Musiq,Just Friends (Sunny),242,Rap,2000-10-14,2000-12-30,89.0,83.0,65.0,55.0,54.0,54.0,52.0,44.0,41.0,34.0,32.0,31.0,35.0,34.0,41.0,41.0,48.0,54.0,58.0,68.0,,,,,,,,,,,,,,,,,,,,,,,,,,,,,,,,,,,,,,,,,,,,,,77 days 00:00:00.000000000
126,2000,Reba McEntire,What Do You Say,206,Country,1999-10-30,2000-01-29,88.0,76.0,71.0,71.0,69.0,63.0,56.0,51.0,46.0,46.0,53.0,43.0,33.0,31.0,34.0,41.0,50.0,60.0,68.0,71.0,,,,,,,,,,,,,,,,,,,,,,,,,,,,,,,,,,,,,,,,,,,,,,91 days 00:00:00.000000000
127,2000,Toni Braxton,Just Be A Man About It,250,Rock,2000-07-29,2000-09-02,76.0,69.0,51.0,42.0,37.0,32.0,32.0,34.0,34.0,38.0,50.0,53.0,53.0,63.0,65.0,72.0,79.0,84.0,89.0,90.0,,,,,,,,,,,,,,,,,,,,,,,,,,,,,,,,,,,,,,,,,,,,,,35 days 00:00:00.000000000
128,2000,Enrique Iglesias,Rhythm Divine,455,Latin,1999-12-04,2000-01-22,90.0,84.0,79.0,67.0,67.0,39.0,33.0,32.0,38.0,38.0,49.0,51.0,61.0,61.0,66.0,88.0,96.0,,,,,,,,,,,,,,,,,,,,,,,,,,,,,,,,,,,,,,,,,,,,,,,,,49 days 00:00:00.000000000
129,2000,Lara Fabian,I Will Love Again,223,Pop,2000-06-10,2000-08-12,91.0,80.0,75.0,61.0,60.0,52.0,45.0,40.0,36.0,32.0,37.0,45.0,68.0,80.0,80.0,89.0,96.0,,,,,,,,,,,,,,,,,,,,,,,,,,,,,,,,,,,,,,,,,,,,,,,,,63 days 00:00:00.000000000
130,2000,Bon Jovi,It's My Life,224,Rock,2000-08-12,2000-09-30,64.0,58.0,51.0,51.0,48.0,45.0,36.0,33.0,34.0,34.0,35.0,34.0,39.0,44.0,51.0,58.0,61.0,84.0,85.0,87.0,,,,,,,,,,,,,,,,,,,,,,,,,,,,,,,,,,,,,,,,,,,,,,49 days 00:00:00.000000000
131,2000,Sara Evans,Born To Fly,336,Country,2000-10-21,2000-12-30,77.0,71.0,64.0,57.0,55.0,51.0,46.0,44.0,36.0,39.0,34.0,46.0,44.0,36.0,42.0,53.0,58.0,74.0,81.0,86.0,,,,,,,,,,,,,,,,,,,,,,,,,,,,,,,,,,,,,,,,,,,,,,70 days 00:00:00.000000000
132,2000,Kenny Chesney,I Lost It,234,Country,2000-10-21,2000-12-23,75.0,67.0,61.0,58.0,58.0,53.0,47.0,47.0,40.0,34.0,36.0,45.0,42.0,45.0,60.0,70.0,82.0,88.0,89.0,92.0,,,,,,,,,,,,,,,,,,,,,,,,,,,,,,,,,,,,,,,,,,,,,,63 days 00:00:00.000000000
133,2000,J-Shin,One Night Stand,274,R&B,1999-12-25,2000-02-26,96.0,96.0,69.0,74.0,72.0,62.0,49.0,45.0,38.0,34.0,38.0,45.0,47.0,58.0,68.0,88.0,99.0,,,,,,,,,,,,,,,,,,,,,,,,,,,,,,,,,,,,,,,,,,,,,,,,,63 days 00:00:00.000000000
134,2000,Eve,Love Is Blind,231,Rap,2000-01-08,2000-02-19,94.0,91.0,57.0,46.0,46.0,40.0,34.0,39.0,42.0,46.0,50.0,59.0,66.0,78.0,87.0,99.0,,,,,,,,,,,,,,,,,,,,,,,,,,,,,,,,,,,,,,,,,,,,,,,,,,42 days 00:00:00.000000000
135,2000,Aaliyah,I Don't Wanna,255,Rock,2000-01-29,2000-03-04,84.0,62.0,51.0,41.0,38.0,35.0,35.0,38.0,38.0,36.0,37.0,37.0,38.0,49.0,61.0,63.0,62.0,67.0,83.0,86.0,,,,,,,,,,,,,,,,,,,,,,,,,,,,,,,,,,,,,,,,,,,,,,35 days 00:00:00.000000000
136,2000,John Michael Montgomery,The Little Girl,232,Country,2000-09-09,2000-10-28,81.0,67.0,64.0,56.0,45.0,41.0,41.0,35.0,35.0,38.0,37.0,42.0,45.0,50.0,57.0,63.0,62.0,83.0,74.0,74.0,,,,,,,,,,,,,,,,,,,,,,,,,,,,,,,,,,,,,,,,,,,,,,49 days 00:00:00.000000000
137,2000,Aaron Carter,Aaron's Party (Come Get It),203,R&B,2000-08-26,2000-09-16,99.0,75.0,57.0,35.0,35.0,37.0,43.0,79.0,51.0,55.0,67.0,83.0,86.0,92.0,100.0,,,,,,,,,,,,,,,,,,,,,,,,,,,,,,,,,,,,,,,,,,,,,,,,,,,21 days 00:00:00.000000000
138,2000,Phil Vassar,Just Another Day In Paradise,234,Country,2000-09-30,2000-12-02,81.0,81.0,76.0,67.0,53.0,46.0,43.0,38.0,36.0,35.0,43.0,41.0,46.0,51.0,62.0,58.0,63.0,70.0,74.0,79.0,,,,,,,,,,,,,,,,,,,,,,,,,,,,,,,,,,,,,,,,,,,,,,63 days 00:00:00.000000000
139,2000,Ice Cube,You Can Do It,260,Rap,1999-12-04,2000-01-15,86.0,66.0,50.0,42.0,42.0,40.0,35.0,46.0,45.0,54.0,73.0,89.0,,,,,,,,,,,,,,,,,,,,,,,,,,,,,,,,,,,,,,,,,,,,,,,,,,,,,,42 days 00:00:00.000000000
140,2000,Mark Wills,Back At One,240,Country,2000-01-15,2000-02-26,89.0,55.0,51.0,43.0,37.0,37.0,36.0,39.0,42.0,46.0,45.0,52.0,64.0,74.0,84.0,90.0,94.0,99.0,,,,,,,,,,,,,,,,,,,,,,,,,,,,,,,,,,,,,,,,,,,,,,,,42 days 00:00:00.000000000
141,2000,Lucy Pearl,Dance Tonight,225,R&B,2000-05-20,2000-07-29,80.0,75.0,63.0,59.0,55.0,49.0,42.0,42.0,40.0,40.0,36.0,43.0,46.0,54.0,72.0,84.0,84.0,86.0,92.0,,,,,,,,,,,,,,,,,,,,,,,,,,,,,,,,,,,,,,,,,,,,,,,70 days 00:00:00.000000000
142,2000,Alan Jackson,It Must Be Love,173,Country,2000-06-24,2000-09-02,76.0,74.0,68.0,63.0,57.0,49.0,44.0,39.0,39.0,38.0,37.0,37.0,40.0,47.0,62.0,64.0,75.0,80.0,84.0,89.0,,,,,,,,,,,,,,,,,,,,,,,,,,,,,,,,,,,,,,,,,,,,,,70 days 00:00:00.000000000
143,2000,Andy Griggs,She's More,199,Country,2000-03-11,2000-06-10,81.0,76.0,69.0,67.0,62.0,55.0,52.0,51.0,51.0,48.0,47.0,43.0,42.0,37.0,41.0,50.0,69.0,73.0,77.0,85.0,,,,,,,,,,,,,,,,,,,,,,,,,,,,,,,,,,,,,,,,,,,,,,91 days 00:00:00.000000000
144,2000,No Doubt,Simple Kind Of Life,251,Rock,2000-07-01,2000-07-22,50.0,40.0,39.0,38.0,38.0,48.0,52.0,55.0,80.0,85.0,88.0,100.0,98.0,,,,,,,,,,,,,,,,,,,,,,,,,,,,,,,,,,,,,,,,,,,,,,,,,,,,,21 days 00:00:00.000000000
145,2000,Wyclef Jean,911,240,Rap,2000-10-07,2000-11-25,77.0,74.0,64.0,61.0,53.0,48.0,43.0,38.0,42.0,38.0,44.0,49.0,53.0,61.0,66.0,68.0,80.0,85.0,96.0,,,,,,,,,,,,,,,,,,,,,,,,,,,,,,,,,,,,,,,,,,,,,,,49 days 00:00:00.000000000
146,2000,Rascal Flatts,Prayin' For Daylight,216,Country,2000-05-06,2000-08-12,87.0,78.0,72.0,68.0,66.0,64.0,58.0,58.0,56.0,54.0,49.0,46.0,46.0,41.0,38.0,38.0,47.0,65.0,72.0,77.0,,,,,,,,,,,,,,,,,,,,,,,,,,,,,,,,,,,,,,,,,,,,,,98 days 00:00:00.000000000
147,2000,Vitamin C,Graduation (Friends Forever),263,Rock,2000-04-15,2000-06-10,81.0,64.0,54.0,54.0,46.0,40.0,40.0,40.0,38.0,42.0,57.0,87.0,,,,,,,,,,,,,,,,,,,,,,,,,,,,,,,,,,,,,,,,,,,,,,,,,,,,,,56 days 00:00:00.000000000
148,2000,Billy Gilman,One Voice,247,Country,2000-06-17,2000-09-02,86.0,86.0,82.0,72.0,65.0,56.0,56.0,55.0,44.0,44.0,43.0,38.0,40.0,44.0,61.0,77.0,85.0,95.0,97.0,,,,,,,,,,,,,,,,,,,,,,,,,,,,,,,,,,,,,,,,,,,,,,,77 days 00:00:00.000000000
149,2000,Lonestar,Smile,213,Country,1999-12-18,2000-02-12,89.0,80.0,80.0,80.0,65.0,47.0,44.0,42.0,39.0,39.0,43.0,41.0,43.0,45.0,50.0,58.0,67.0,78.0,85.0,91.0,,,,,,,,,,,,,,,,,,,,,,,,,,,,,,,,,,,,,,,,,,,,,,56 days 00:00:00.000000000
150,2000,Kenny Rogers,Buy Me A Rose,226,Country,2000-03-11,2000-05-06,79.0,72.0,65.0,65.0,54.0,46.0,46.0,43.0,40.0,40.0,46.0,54.0,58.0,66.0,73.0,82.0,86.0,84.0,88.0,91.0,,,,,,,,,,,,,,,,,,,,,,,,,,,,,,,,,,,,,,,,,,,,,,56 days 00:00:00.000000000
151,2000,Tracy Lawrence,Lessons Learned,175,Country,2000-01-29,2000-04-08,80.0,73.0,61.0,61.0,48.0,48.0,48.0,48.0,44.0,42.0,40.0,40.0,50.0,66.0,81.0,93.0,94.0,99.0,99.0,100.0,,,,,,,,,,,,,,,,,,,,,,,,,,,,,,,,,,,,,,,,,,,,,,70 days 00:00:00.000000000
152,2000,George Strait,Go On,228,Country,2000-08-26,2000-10-28,71.0,67.0,63.0,56.0,53.0,48.0,46.0,46.0,44.0,40.0,44.0,46.0,49.0,56.0,56.0,71.0,78.0,88.0,95.0,,97.0,,,,,,,,,,,,,,,,,,,,,,,,,,,,,,,,,,,,,,,,,,,,,63 days 00:00:00.000000000
153,2000,Sisqo,Got To Get It,232,Rock,1999-11-20,2000-01-22,92.0,76.0,73.0,58.0,48.0,48.0,48.0,48.0,49.0,40.0,43.0,51.0,50.0,57.0,63.0,64.0,68.0,82.0,88.0,95.0,,,,,,,,,,,,,,,,,,,,,,,,,,,,,,,,,,,,,,,,,,,,,,63 days 00:00:00.000000000
154,2000,Baha Men,Who Let The Dogs Out,197,R&B,2000-07-22,2000-10-21,99.0,92.0,85.0,76.0,65.0,54.0,61.0,58.0,54.0,54.0,53.0,53.0,43.0,40.0,44.0,41.0,51.0,65.0,78.0,84.0,,,,,,,,,,,,,,,,,,,,,,,,,,,,,,,,,,,,,,,,,,,,,,91 days 00:00:00.000000000
155,2000,Clay Walker,The Chain Of Love,303,Country,2000-04-15,2000-06-10,73.0,65.0,57.0,57.0,51.0,48.0,44.0,43.0,40.0,45.0,44.0,53.0,57.0,68.0,71.0,81.0,90.0,94.0,94.0,95.0,,,,,,,,,,,,,,,,,,,,,,,,,,,,,,,,,,,,,,,,,,,,,,56 days 00:00:00.000000000
156,2000,Martina McBride,Love's The Only House,313,Country,2000-02-05,2000-04-15,79.0,69.0,65.0,58.0,53.0,52.0,52.0,48.0,45.0,43.0,42.0,42.0,50.0,60.0,64.0,75.0,91.0,93.0,92.0,90.0,,,,,,,,,,,,,,,,,,,,,,,,,,,,,,,,,,,,,,,,,,,,,,70 days 00:00:00.000000000
157,2000,Amber,Sexual (Li Da Di),278,Rock,1999-07-17,2000-02-12,99.0,99.0,96.0,96.0,100.0,93.0,93.0,96.0,,,99.0,,96.0,96.0,99.0,98.0,98.0,,95.0,88.0,88.0,79.0,76.0,69.0,69.0,59.0,58.0,58.0,49.0,44.0,42.0,46.0,50.0,,,,,,,,,,,,,,,,,,,,,,,,,,,,,,,,,210 days 00:00:00.000000000
158,2000,Aaron Tippin,Kiss This,173,Country,2000-08-26,2000-10-21,74.0,72.0,66.0,53.0,52.0,47.0,47.0,45.0,42.0,46.0,51.0,60.0,68.0,69.0,78.0,94.0,87.0,92.0,97.0,99.0,,,,,,,,,,,,,,,,,,,,,,,,,,,,,,,,,,,,,,,,,,,,,,56 days 00:00:00.000000000
159,2000,SheDaisy,I Will.. But,220,Country,2000-07-15,2000-09-16,78.0,74.0,70.0,61.0,59.0,52.0,48.0,47.0,45.0,43.0,44.0,43.0,52.0,56.0,70.0,80.0,86.0,81.0,85.0,87.0,,,,,,,,,,,,,,,,,,,,,,,,,,,,,,,,,,,,,,,,,,,,,,63 days 00:00:00.000000000
160,2000,Collin Raye,Couldn't Last A Moment,220,Country,2000-03-18,2000-06-24,91.0,85.0,75.0,73.0,67.0,63.0,63.0,63.0,56.0,49.0,48.0,46.0,44.0,44.0,43.0,45.0,53.0,66.0,73.0,89.0,,,,,,,,,,,,,,,,,,,,,,,,,,,,,,,,,,,,,,,,,,,,,,98 days 00:00:00.000000000
161,2000,Black Rob,Whoa!,244,Rap,2000-03-04,2000-04-15,78.0,59.0,53.0,52.0,47.0,46.0,43.0,47.0,47.0,58.0,54.0,57.0,70.0,85.0,84.0,93.0,97.0,,,,,,,,,,,,,,,,,,,,,,,,,,,,,,,,,,,,,,,,,,,,,,,,,42 days 00:00:00.000000000
162,2000,Alan Jackson,Pop A Top,184,Country,1999-11-13,2000-01-22,79.0,73.0,70.0,64.0,63.0,57.0,55.0,55.0,63.0,52.0,43.0,47.0,55.0,78.0,95.0,100.0,,100.0,,,,,,,,,,,,,,,,,,,,,,,,,,,,,,,,,,,,,,,,,,,,,,,,70 days 00:00:00.000000000
163,2000,Clint Black,Been There,328,Country,2000-02-19,2000-04-15,87.0,73.0,62.0,58.0,58.0,57.0,51.0,47.0,44.0,44.0,44.0,55.0,53.0,53.0,63.0,84.0,85.0,87.0,95.0,100.0,,,,,,,,,,,,,,,,,,,,,,,,,,,,,,,,,,,,,,,,,,,,,,56 days 00:00:00.000000000
164,2000,Common,The Light,235,Rap,2000-08-05,2000-09-09,75.0,55.0,53.0,49.0,46.0,44.0,49.0,51.0,51.0,56.0,52.0,56.0,70.0,82.0,86.0,89.0,93.0,93.0,99.0,,,,,,,,,,,,,,,,,,,,,,,,,,,,,,,,,,,,,,,,,,,,,,,35 days 00:00:00.000000000
165,2000,Phil Vassar,Carlene,247,Country,2000-03-04,2000-04-22,75.0,67.0,64.0,64.0,57.0,53.0,47.0,45.0,45.0,50.0,52.0,56.0,59.0,78.0,83.0,84.0,91.0,96.0,93.0,,,,,,,,,,,,,,,,,,,,,,,,,,,,,,,,,,,,,,,,,,,,,,,49 days 00:00:00.000000000
166,2000,Alan Jackson,www.memory,156,Country,2000-11-04,2000-12-23,75.0,59.0,59.0,54.0,50.0,49.0,47.0,45.0,49.0,69.0,63.0,67.0,77.0,89.0,99.0,,,,,,,,,,,,,,,,,,,,,,,,,,,,,,,,,,,,,,,,,,,,,,,,,,,49 days 00:00:00.000000000
167,2000,Vitamin C,The Itch,210,Rock,2000-12-02,2000-12-16,86.0,48.0,45.0,52.0,57.0,58.0,76.0,95.0,100.0,,,,,,,,,,,,,,,,,,,,,,,,,,,,,,,,,,,,,,,,,,,,,,,,,,,,,,,,,14 days 00:00:00.000000000
168,2000,The Eastsidaz,G'D Up,267,Rap,2000-01-08,2000-02-12,77.0,77.0,89.0,64.0,57.0,47.0,47.0,55.0,65.0,69.0,83.0,82.0,90.0,94.0,,,,,,,,,,,,,,,,,,,,,,,,,,,,,,,,,,,,,,,,,,,,,,,,,,,,35 days 00:00:00.000000000
169,2000,Ideal,Whatever,228,R&B,2000-06-10,2000-08-19,75.0,75.0,67.0,73.0,64.0,56.0,54.0,54.0,54.0,48.0,47.0,50.0,60.0,68.0,73.0,81.0,92.0,90.0,,,,,,,,,,,,,,,,,,,,,,,,,,,,,,,,,,,,,,,,,,,,,,,,70 days 00:00:00.000000000
170,2000,Carl Thomas,Emotional,271,Rock,2000-11-25,2000-12-30,77.0,63.0,61.0,58.0,54.0,47.0,53.0,52.0,49.0,52.0,60.0,62.0,69.0,69.0,63.0,76.0,87.0,82.0,91.0,99.0,,,,,,,,,,,,,,,,,,,,,,,,,,,,,,,,,,,,,,,,,,,,,,35 days 00:00:00.000000000
171,2000,Ginuwine,None Of Ur Friends Business,252,Rock,1999-12-11,2000-01-22,94.0,84.0,71.0,71.0,60.0,63.0,48.0,48.0,48.0,55.0,64.0,71.0,85.0,85.0,92.0,,,,,,,,,,,,,,,,,,,,,,,,,,,,,,,,,,,,,,,,,,,,,,,,,,,42 days 00:00:00.000000000
172,2000,Clay Davidson,Unconditional,236,Country,2000-03-25,2000-06-17,97.0,97.0,97.0,90.0,83.0,78.0,74.0,69.0,60.0,56.0,54.0,50.0,49.0,55.0,52.0,51.0,51.0,62.0,63.0,83.0,,,,,,,,,,,,,,,,,,,,,,,,,,,,,,,,,,,,,,,,,,,,,,84 days 00:00:00.000000000
173,2000,DMX,What You Want,245,Rap,2000-07-01,2000-09-23,98.0,95.0,95.0,87.0,86.0,79.0,62.0,60.0,58.0,57.0,52.0,55.0,49.0,57.0,62.0,65.0,87.0,89.0,99.0,100.0,,,,,,,,,,,,,,,,,,,,,,,,,,,,,,,,,,,,,,,,,,,,,,84 days 00:00:00.000000000
174,2000,Elton John,Someday Out Of The Blue,281,Rock,2000-04-22,2000-05-06,56.0,56.0,49.0,59.0,67.0,60.0,64.0,73.0,81.0,90.0,93.0,89.0,98.0,94.0,99.0,,,,,,,,,,,,,,,,,,,,,,,,,,,,,,,,,,,,,,,,,,,,,,,,,,,14 days 00:00:00.000000000
175,2000,Pearl Jam,Nothing As It Seems,320,Rock,2000-05-13,2000-05-13,49.0,70.0,84.0,89.0,93.0,91.0,,,,,,,,,,,,,,,,,,,,,,,,,,,,,,,,,,,,,,,,,,,,,,,,,,,,,,,,,,,,0 days 00:00:00.000000000
176,2000,Mya,The Best Of Me,252,Rock,2000-04-15,2000-05-20,85.0,70.0,65.0,62.0,55.0,50.0,50.0,56.0,61.0,61.0,72.0,84.0,81.0,86.0,86.0,94.0,97.0,,,,,,,,,,,,,,,,,,,,,,,,,,,,,,,,,,,,,,,,,,,,,,,,,35 days 00:00:00.000000000
177,2000,Eric Heatherly,Flowers On The Wall,196,Country,2000-04-29,2000-08-12,95.0,88.0,88.0,82.0,82.0,77.0,72.0,67.0,65.0,65.0,65.0,60.0,60.0,53.0,51.0,50.0,57.0,77.0,83.0,89.0,,,,,,,,,,,,,,,,,,,,,,,,,,,,,,,,,,,,,,,,,,,,,,105 days 00:00:00.000000000
178,2000,Eminem,Stan,326,Rap,2000-11-04,2000-12-02,78.0,67.0,57.0,57.0,51.0,51.0,51.0,57.0,55.0,70.0,69.0,77.0,88.0,93.0,100.0,,,,,,,,,,,,,,,,,,,,,,,,,,,,,,,,,,,,,,,,,,,,,,,,,,,28 days 00:00:00.000000000
179,2000,Reba McEntire,I'll Be,263,Country,2000-05-13,2000-07-29,89.0,79.0,79.0,72.0,69.0,64.0,61.0,57.0,55.0,55.0,52.0,51.0,53.0,60.0,81.0,84.0,93.0,91.0,94.0,100.0,,,,,,,,,,,,,,,,,,,,,,,,,,,,,,,,,,,,,,,,,,,,,,77 days 00:00:00.000000000
180,2000,Jennifer Lopez,Feelin' Good,268,Latin,2000-02-19,2000-04-08,79.0,79.0,66.0,54.0,54.0,54.0,54.0,51.0,61.0,79.0,96.0,,,64.0,74.0,73.0,79.0,82.0,96.0,,,,,,,,,,,,,,,,,,,,,,,,,,,,,,,,,,,,,,,,,,,,,,,49 days 00:00:00.000000000
181,2000,Keith Urban,Your Everything,250,Country,2000-07-15,2000-09-16,81.0,80.0,73.0,73.0,67.0,64.0,60.0,59.0,53.0,51.0,55.0,66.0,84.0,90.0,96.0,100.0,,,,,,,,,,,,,,,,,,,,,,,,,,,,,,,,,,,,,,,,,,,,,,,,,,63 days 00:00:00.000000000
182,2000,TLC,Dear Lie,276,Rock,2000-02-12,2000-03-04,63.0,55.0,52.0,51.0,56.0,74.0,92.0,,,,,,,,,,,,,,,,,,,,,,,,,,,,,,,,,,,,,,,,,,,,,,,,,,,,,,,,,,,21 days 00:00:00.000000000
183,2000,Vince Gill,Feels Like Love,253,Country,2000-09-02,2000-11-18,82.0,76.0,74.0,73.0,73.0,65.0,59.0,58.0,54.0,54.0,53.0,52.0,55.0,52.0,57.0,76.0,91.0,99.0,,91.0,89.0,,,,,,,,,,,,,,,,,,,,,,,,,,,,,,,,,,,,,,,,,,,,,77 days 00:00:00.000000000
184,2000,Whitney Houston,Could I Have This Kiss Forever,234,Rock,2000-06-17,2000-08-05,74.0,68.0,68.0,67.0,59.0,59.0,60.0,52.0,54.0,56.0,59.0,70.0,69.0,81.0,87.0,95.0,98.0,100.0,,97.0,,,,,,,,,,,,,,,,,,,,,,,,,,,,,,,,,,,,,,,,,,,,,,49 days 00:00:00.000000000
185,2000,Bloodhound Gang,The Bad Touch,260,R&B,2000-03-18,2000-04-15,70.0,62.0,55.0,55.0,52.0,57.0,72.0,80.0,82.0,92.0,96.0,98.0,,,,,,,,,,,,,,,,,,,,,,,,,,,,,,,,,,,,,,,,,,,,,,,,,,,,,,28 days 00:00:00.000000000
186,2000,Robbie Williams,Angels,236,Rock,1999-11-20,2000-01-22,85.0,77.0,69.0,69.0,62.0,56.0,56.0,64.0,54.0,53.0,72.0,83.0,81.0,88.0,96.0,93.0,91.0,89.0,95.0,,,,,,,,,,,,,,,,,,,,,,,,,,,,,,,,,,,,,,,,,,,,,,,63 days 00:00:00.000000000
187,2000,Jo Dee Messina,Because You Love Me,230,Country,2000-01-29,2000-03-11,83.0,78.0,71.0,71.0,66.0,55.0,53.0,57.0,61.0,61.0,61.0,72.0,93.0,,,,,,,,,,,,,,,,,,,,,,,,,,,,,,,,,,,,,,,,,,,,,,,,,,,,,42 days 00:00:00.000000000
188,2000,Toby Keith,Country Comes To Town,219,Country,2000-08-05,2000-10-14,82.0,78.0,75.0,69.0,66.0,62.0,59.0,58.0,55.0,55.0,54.0,62.0,81.0,95.0,93.0,,,,,,,,,,,,,,,,,,,,,,,,,,,,,,,,,,,,,,,,,,,,,,,,,,,70 days 00:00:00.000000000
189,2000,Beenie Man,Girls Dem Sugar,257,Reggae,2000-10-21,2000-12-02,72.0,72.0,63.0,56.0,62.0,63.0,54.0,60.0,69.0,75.0,84.0,92.0,85.0,84.0,95.0,,,,,,,,,,,,,,,,,,,,,,,,,,,,,,,,,,,,,,,,,,,,,,,,,,,42 days 00:00:00.000000000
190,2000,Faith Hill,Let's Make Love,251,Rap,2000-08-12,2000-10-21,83.0,83.0,73.0,73.0,67.0,60.0,60.0,60.0,57.0,55.0,54.0,69.0,88.0,91.0,,,,,,,,,,,,,,,,,,,,,,,,,,,,,,,,,,,,,,,,,,,,,,,,,,,,70 days 00:00:00.000000000
191,2000,Kelis,Caught Out There,249,R&B,1999-12-04,2000-01-08,84.0,68.0,67.0,63.0,63.0,54.0,56.0,59.0,68.0,67.0,75.0,90.0,,,,,,,,,,,,,,,,,,,,,,,,,,,,,,,,,,,,,,,,,,,,,,,,,,,,,,35 days 00:00:00.000000000
192,2000,Jay-Z,Anything,221,Rap,2000-02-26,2000-03-11,72.0,58.0,55.0,55.0,63.0,74.0,86.0,92.0,,,,,,,,,,,,,,,,,,,,,,,,,,,,,,,,,,,,,,,,,,,,,,,,,,,,,,,,,,14 days 00:00:00.000000000
193,2000,3 Doors Down,Loser,264,Rock,2000-10-21,2000-12-02,76.0,76.0,72.0,69.0,67.0,65.0,55.0,59.0,62.0,61.0,61.0,59.0,61.0,66.0,72.0,76.0,75.0,67.0,73.0,70.0,,,,,,,,,,,,,,,,,,,,,,,,,,,,,,,,,,,,,,,,,,,,,,42 days 00:00:00.000000000
194,2000,Brooks & Dunn,You'll Always Be Loved By Me,178,Country,2000-06-10,2000-09-09,95.0,85.0,85.0,85.0,83.0,83.0,82.0,74.0,74.0,68.0,62.0,56.0,56.0,55.0,62.0,71.0,86.0,100.0,98.0,,,,,,,,,,,,,,,,,,,,,,,,,,,,,,,,,,,,,,,,,,,,,,,91 days 00:00:00.000000000
195,2000,Kenny Chesney,What I Need To Do,245,Country,2000-04-01,2000-06-10,79.0,74.0,68.0,72.0,69.0,69.0,62.0,58.0,57.0,57.0,56.0,56.0,56.0,72.0,80.0,93.0,95.0,,,,,,,,,,,,,,,,,,,,,,,,,,,,,,,,,,,,,,,,,,,,,,,,,70 days 00:00:00.000000000
196,2000,Angie Stone,No More Rain (In This Cloud),282,R&B,1999-12-25,2000-01-22,86.0,86.0,74.0,66.0,56.0,60.0,56.0,60.0,67.0,69.0,63.0,73.0,71.0,81.0,89.0,98.0,100.0,,,,,,,,,,,,,,,,,,,,,,,,,,,,,,,,,,,,,,,,,,,,,,,,,28 days 00:00:00.000000000
197,2000,Da Brat,That's What I'm Looking For,224,Rap,2000-02-26,2000-04-15,93.0,73.0,60.0,60.0,60.0,60.0,63.0,56.0,58.0,70.0,71.0,72.0,90.0,94.0,94.0,94.0,94.0,100.0,,,,,,,,,,,,,,,,,,,,,,,,,,,,,,,,,,,,,,,,,,,,,,,,49 days 00:00:00.000000000
198,2000,SheDaisy,This Woman Needs,200,Country,2000-02-05,2000-03-04,82.0,70.0,70.0,67.0,57.0,57.0,61.0,68.0,82.0,,,,,,,,,,,,,,,,,,,,,,,,,,,,,,,,,,,,,,,,,,,,,,,,,,,,,,,,,28 days 00:00:00.000000000
199,2000,Papa Roach,Last Resort,199,Rock,2000-07-29,2000-12-02,75.0,71.0,69.0,69.0,66.0,64.0,61.0,61.0,66.0,64.0,63.0,60.0,65.0,66.0,62.0,66.0,64.0,64.0,57.0,72.0,,,,,,,,,,,,,,,,,,,,,,,,,,,,,,,,,,,,,,,,,,,,,,126 days 00:00:00.000000000
200,2000,Yolanda Adams,Open My Heart,330,Gospel,2000-08-26,2000-10-21,76.0,76.0,74.0,69.0,68.0,67.0,61.0,58.0,57.0,59.0,66.0,68.0,61.0,67.0,59.0,63.0,67.0,71.0,79.0,89.0,,,,,,,,,,,,,,,,,,,,,,,,,,,,,,,,,,,,,,,,,,,,,,56 days 00:00:00.000000000
201,2000,Shyne,Bad Boyz,262,Rap,2000-09-09,2000-10-28,94.0,87.0,90.0,90.0,82.0,67.0,61.0,57.0,71.0,78.0,74.0,81.0,88.0,96.0,100.0,,,,,,,,,,,,,,,,,,,,,,,,,,,,,,,,,,,,,,,,,,,,,,,,,,,49 days 00:00:00.000000000
202,2000,R.E.M.,The Great Beyond,250,Rock,1999-12-25,2000-01-29,79.0,79.0,70.0,62.0,60.0,57.0,61.0,66.0,60.0,59.0,60.0,63.0,79.0,91.0,,,,,,,,,,,,,,,,,,,,,,,,,,,,,,,,,,,,,,,,,,,,,,,,,,,,35 days 00:00:00.000000000
203,2000,Joe Diffie,It's Always Somethin',175,Country,2000-08-12,2000-09-16,81.0,78.0,67.0,63.0,60.0,57.0,63.0,69.0,78.0,85.0,92.0,92.0,,99.0,100.0,,,,,,,,,,,,,,,,,,,,,,,,,,,,,,,,,,,,,,,,,,,,,,,,,,,35 days 00:00:00.000000000
204,2000,Tim McGraw,Some Things Never Change,236,Country,2000-05-13,2000-07-01,76.0,66.0,66.0,65.0,63.0,60.0,60.0,58.0,58.0,58.0,58.0,59.0,70.0,93.0,,,,,,,,,,,,,,,,,,,,,,,,,,,,,,,,,,,,,,,,,,,,,,,,,,,,49 days 00:00:00.000000000
205,2000,Don Henley,Taking You Home,248,Rock,2000-06-24,2000-08-05,79.0,77.0,74.0,73.0,66.0,62.0,58.0,58.0,61.0,68.0,71.0,71.0,79.0,83.0,85.0,87.0,83.0,90.0,87.0,87.0,,,,,,,,,,,,,,,,,,,,,,,,,,,,,,,,,,,,,,,,,,,,,,42 days 00:00:00.000000000
206,2000,Eminem,The Way I Am,280,Rap,2000-08-26,2000-09-30,87.0,74.0,59.0,65.0,59.0,58.0,59.0,62.0,89.0,86.0,,,,,,,,,,,,,,,,,,,,,,,,,,,,,,,,,,,,,,,,,,,,,,,,,,,,,,,,35 days 00:00:00.000000000
207,2000,Nas,You Owe Me,231,R&B,2000-03-25,2000-04-15,74.0,72.0,68.0,59.0,59.0,59.0,67.0,67.0,63.0,69.0,75.0,82.0,79.0,88.0,95.0,96.0,,,,,,,,,,,,,,,,,,,,,,,,,,,,,,,,,,,,,,,,,,,,,,,,,,21 days 00:00:00.000000000
208,2000,Sister Hazel,Change Your Mind,242,Rock,2000-07-15,2000-08-05,75.0,67.0,66.0,59.0,63.0,71.0,78.0,81.0,78.0,78.0,84.0,87.0,94.0,91.0,93.0,95.0,100.0,98.0,96.0,98.0,,,,,,,,,,,,,,,,,,,,,,,,,,,,,,,,,,,,,,,,,,,,,,21 days 00:00:00.000000000
209,2000,Puff Daddy,Best Friend,333,Rap,2000-02-12,2000-02-19,65.0,59.0,62.0,79.0,99.0,,,,,,,,,,,,,,,,,,,,,,,,,,,,,,,,,,,,,,,,,,,,,,,,,,,,,,,,,,,,,7 days 00:00:00.000000000
210,2000,Martina McBride,There You Are,206,Country,2000-09-09,2000-10-21,79.0,75.0,75.0,75.0,73.0,64.0,60.0,60.0,60.0,63.0,63.0,82.0,92.0,,,,,,,,,,,,,,,,,,,,,,,,,,,,,,,,,,,,,,,,,,,,,,,,,,,,,42 days 00:00:00.000000000
211,2000,Usher,Pop Ya Collar,216,Rock,2000-11-04,2000-11-18,68.0,64.0,60.0,60.0,62.0,79.0,93.0,,,,,,,,,,,,,,,,,,,,,,,,,,,,,,,,,,,,,,,,,,,,,,,,,,,,,,,,,,,14 days 00:00:00.000000000
212,2000,Lil' Kim,No Matter What They Say,252,Rap,2000-07-15,2000-08-05,80.0,72.0,67.0,60.0,65.0,73.0,81.0,86.0,90.0,97.0,,,,,,,,,,,,,,,,,,,,,,,,,,,,,,,,,,,,,,,,,,,,,,,,,,,,,,,,21 days 00:00:00.000000000
213,2000,LFO,I Don't Wanna Kiss You Goodnight,300,Rock,2000-04-15,2000-04-22,63.0,61.0,68.0,73.0,91.0,,,,,,,,,,,,,,,,,,,,,,,,,,,,,,,,,,,,,,,,,,,,,,,,,,,,,,,,,,,,,7 days 00:00:00.000000000
214,2000,SheDaisy,Deck The Halls,226,Country,1999-12-25,2000-01-01,97.0,61.0,,,,,,,,,,,,,,,,,,,,,,,,,,,,,,,,,,,,,,,,,,,,,,,,,,,,,,,,,,,,,,,,7 days 00:00:00.000000000
215,2000,Splender,I Think God Can Explain,235,R&B,2000-06-10,2000-06-24,71.0,66.0,62.0,62.0,62.0,64.0,65.0,71.0,81.0,89.0,95.0,100.0,,,,,,,,,,,,,,,,,,,,,,,,,,,,,,,,,,,,,,,,,,,,,,,,,,,,,,14 days 00:00:00.000000000
216,2000,Jessica Simpson,Where You Are,231,Rock,2000-04-01,2000-04-15,73.0,66.0,62.0,62.0,76.0,93.0,,,,,,,,,,,,,,,,,,,,,,,,,,,,,,,,,,,,,,,,,,,,,,,,,,,,,,,,,,,,14 days 00:00:00.000000000
217,2000,M2M,Mirror Mirror,199,Pop,2000-04-01,2000-05-27,87.0,87.0,94.0,91.0,75.0,68.0,65.0,86.0,62.0,70.0,74.0,70.0,70.0,80.0,82.0,87.0,90.0,96.0,,,,,,,,,,,,,,,,,,,,,,,,,,,,,,,,,,,,,,,,,,,,,,,,56 days 00:00:00.000000000
218,2000,Kumbia Kings,U Don't Love Me,230,R&B,2000-03-04,2000-03-18,81.0,64.0,62.0,67.0,70.0,70.0,75.0,87.0,89.0,100.0,,,,,,,,,,,,,,,,,,,,,,,,,,,,,,,,,,,,,,,,,,,,,,,,,,,,,,,,14 days 00:00:00.000000000
219,2000,Joe,Treat Her Like A Lady,252,Rock,2000-08-05,2000-08-19,77.0,75.0,63.0,63.0,69.0,64.0,68.0,67.0,72.0,79.0,78.0,84.0,85.0,90.0,89.0,99.0,100.0,,,,,,,,,,,,,,,,,,,,,,,,,,,,,,,,,,,,,,,,,,,,,,,,,14 days 00:00:00.000000000
220,2000,Mary J. Blige,Deep Inside,326,Rock,1999-11-13,2000-01-22,83.0,80.0,80.0,75.0,75.0,73.0,64.0,64.0,65.0,67.0,63.0,67.0,75.0,85.0,94.0,,,,,,,,,,,,,,,,,,,,,,,,,,,,,,,,,,,,,,,,,,,,,,,,,,,70 days 00:00:00.000000000
221,2000,Kelly Price,You Should've Told Me,192,Rock,2000-09-23,2000-12-02,91.0,91.0,91.0,87.0,86.0,79.0,79.0,75.0,70.0,68.0,64.0,64.0,68.0,70.0,74.0,90.0,86.0,85.0,93.0,92.0,,,,,,,,,,,,,,,,,,,,,,,,,,,,,,,,,,,,,,,,,,,,,,70 days 00:00:00.000000000
222,2000,Changing Faces,That Other Woman,240,Rock,2000-09-30,2000-10-28,80.0,72.0,66.0,66.0,64.0,76.0,65.0,66.0,75.0,85.0,97.0,,,,,,,,,,,,,,,,,,,,,,,,,,,,,,,,,,,,,,,,,,,,,,,,,,,,,,,28 days 00:00:00.000000000
223,2000,Chely Wright,It Was,231,R&B,2000-03-04,2000-04-15,86.0,78.0,75.0,72.0,71.0,69.0,64.0,75.0,85.0,98.0,,,,,,,,,,,,,,,,,,,,,,,,,,,,,,,,,,,,,,,,,,,,,,,,,,,,,,,,42 days 00:00:00.000000000
224,2000,Limp Bizkit,Rollin',244,Rock,2000-11-11,2000-12-09,77.0,73.0,72.0,66.0,65.0,65.0,67.0,73.0,74.0,78.0,80.0,86.0,86.0,91.0,93.0,96.0,100.0,,,,,,,,,,,,,,,,,,,,,,,,,,,,,,,,,,,,,,,,,,,,,,,,,28 days 00:00:00.000000000
225,2000,Hot Boys,I Need A Hot Girl,256,Rap,2000-02-19,2000-03-11,77.0,75.0,71.0,65.0,65.0,70.0,69.0,77.0,79.0,90.0,92.0,95.0,100.0,,,,,,,,,,,,,,,,,,,,,,,,,,,,,,,,,,,,,,,,,,,,,,,,,,,,,21 days 00:00:00.000000000
226,2000,Jay-Z,Do It Again (Put Ya Hands Up),227,Rap,2000-01-15,2000-01-29,95.0,68.0,65.0,65.0,74.0,84.0,92.0,96.0,95.0,,,,,,,,,,,,,,,,,,,,,,,,,,,,,,,,,,,,,,,,,,,,,,,,,,,,,,,,,14 days 00:00:00.000000000
227,2000,Trace Adkins,More,185,Country,2000-04-29,2000-06-17,84.0,84.0,75.0,73.0,73.0,69.0,68.0,65.0,73.0,83.0,92.0,,,,,,,,,,,,,,,,,,,,,,,,,,,,,,,,,,,,,,,,,,,,,,,,,,,,,,,49 days 00:00:00.000000000
228,2000,The Dixie Chicks,Cold Day In July,312,Country,2000-06-24,2000-08-05,80.0,79.0,76.0,72.0,68.0,68.0,65.0,70.0,84.0,91.0,,,,,,,,,,,,,,,,,,,,,,,,,,,,,,,,,,,,,,,,,,,,,,,,,,,,,,,,42 days 00:00:00.000000000
229,2000,Kelly Price,As We Lay,380,Rock,2000-07-15,2000-08-05,82.0,69.0,69.0,64.0,71.0,79.0,82.0,89.0,,,,,,,,,,,,,,,,,,,,,,,,,,,,,,,,,,,,,,,,,,,,,,,,,,,,,,,,,,21 days 00:00:00.000000000
230,2000,DMX,What's My Name,230,Rap,2000-01-15,2000-02-12,98.0,76.0,69.0,69.0,67.0,73.0,76.0,90.0,90.0,94.0,100.0,,,,,,,,,,,,,,,,,,,,,,,,,,,,,,,,,,,,,,,,,,,,,,,,,,,,,,,28 days 00:00:00.000000000
231,2000,Ricky Martin,Private Emotion,242,Latin,2000-03-11,2000-03-18,76.0,67.0,71.0,78.0,89.0,,,,,,,,,,,,,,,,,,,,,,,,,,,,,,,,,,,,,,,,,,,,,,,,,,,,,,,,,,,,,7 days 00:00:00.000000000
232,2000,Nine Days,If I Am,258,Rock,2000-12-02,2000-12-02,68.0,68.0,81.0,94.0,100.0,,,,,,,,,,,,,,,,,,,,,,,,,,,,,,,,,,,,,,,,,,,,,,,,,,,,,,,,,,,,,0 days 00:00:00.000000000
233,2000,Mary J. Blige,Give Me You,300,Rock,2000-04-15,2000-05-13,97.0,94.0,77.0,76.0,68.0,77.0,89.0,90.0,,100.0,,,,,,,,,,,,,,,,,,,,,,,,,,,,,,,,,,,,,,,,,,,,,,,,,,,,,,,,28 days 00:00:00.000000000
234,2000,Red Hot Chili Peppers,Californication,321,Rock,2000-07-29,2000-10-14,72.0,72.0,72.0,77.0,79.0,77.0,75.0,84.0,85.0,79.0,74.0,69.0,74.0,75.0,77.0,71.0,78.0,89.0,97.0,,,,,,,,,,,,,,,,,,,,,,,,,,,,,,,,,,,,,,,,,,,,,,,77 days 00:00:00.000000000
235,2000,Third Eye Blind,Deep Inside Of You,250,Rock,2000-09-02,2000-10-07,80.0,73.0,70.0,70.0,70.0,69.0,72.0,79.0,90.0,97.0,95.0,93.0,,,,,,,,,,,,,,,,,,,,,,,,,,,,,,,,,,,,,,,,,,,,,,,,,,,,,,35 days 00:00:00.000000000
236,2000,Garth Brooks,Do What You Gotta Do,176,Country,2000-02-19,2000-03-18,86.0,81.0,72.0,70.0,69.0,77.0,,,,,,,,,,,,,,,,,,,,,,,,,,,,,,,,,,,,,,,,,,,,,,,,,,,,,,,,,,,,28 days 00:00:00.000000000
237,2000,The Offspring,Original Prankster,222,Rock,2000-11-25,2000-12-09,74.0,71.0,70.0,70.0,77.0,78.0,91.0,89.0,92.0,,,,,,,,,,,,,,,,,,,,,,,,,,,,,,,,,,,,,,,,,,,,,,,,,,,,,,,,,14 days 00:00:00.000000000
238,2000,Marc Anthony,My Baby You,239,Latin,2000-09-16,2000-10-07,82.0,76.0,76.0,70.0,82.0,81.0,74.0,80.0,76.0,76.0,73.0,74.0,87.0,83.0,89.0,93.0,94.0,94.0,91.0,90.0,,,,,,,,,,,,,,,,,,,,,,,,,,,,,,,,,,,,,,,,,,,,,,21 days 00:00:00.000000000
239,2000,Whitney Houston,"Same Script, Different Cast",285,Rock,2000-06-17,2000-07-15,71.0,71.0,71.0,71.0,70.0,75.0,77.0,88.0,91.0,,,,,,,,,,,,,,,,,,,,,,,,,,,,,,,,,,,,,,,,,,,,,,,,,,,,,,,,,28 days 00:00:00.000000000
240,2000,D'Angelo,Left & Right,275,R&B,1999-12-11,2000-01-01,93.0,77.0,75.0,70.0,91.0,,,,,,,,,,,,,,,,,,,,,,,,,,,,,,,,,,,,,,,,,,,,,,,,,,,,,,,,,,,,,21 days 00:00:00.000000000
241,2000,Lenny Kravitz,I Belong To You,257,Rock,2000-03-25,2000-04-08,78.0,77.0,71.0,71.0,71.0,83.0,90.0,90.0,93.0,,,,,,,,,,,,,,,,,,,,,,,,,,,,,,,,,,,,,,,,,,,,,,,,,,,,,,,,,14 days 00:00:00.000000000
242,2000,Patty Loveless,That's The Kind Of Mood I'm In,207,Country,2000-09-16,2000-11-18,98.0,93.0,93.0,93.0,88.0,88.0,82.0,81.0,73.0,71.0,71.0,72.0,85.0,91.0,,,,,,,,,,,,,,,,,,,,,,,,,,,,,,,,,,,,,,,,,,,,,,,,,,,,63 days 00:00:00.000000000
243,2000,Q-Tip,Breathe And Stop,246,Rock,2000-01-22,2000-01-22,71.0,71.0,81.0,82.0,96.0,,,,,,,,,,,,,,,,,,,,,,,,,,,,,,,,,,,,,,,,,,,,,,,,,,,,,,,,,,,,,0 days 00:00:00.000000000
244,2000,LeAnn Rimes,Can't Fight The Moonlight,213,Country,2000-09-09,2000-09-16,82.0,71.0,79.0,83.0,96.0,99.0,78.0,78.0,83.0,79.0,77.0,76.0,79.0,81.0,88.0,85.0,86.0,79.0,87.0,93.0,,,,,,,,,,,,,,,,,,,,,,,,,,,,,,,,,,,,,,,,,,,,,,7 days 00:00:00.000000000
245,2000,Lil Wayne,Tha Block Is Hot,253,Rap,1999-12-04,2000-01-08,99.0,89.0,92.0,84.0,84.0,72.0,81.0,81.0,86.0,87.0,95.0,,,,,,,,,,,,,,,,,,,,,,,,,,,,,,,,,,,,,,,,,,,,,,,,,,,,,,,35 days 00:00:00.000000000
246,2000,2 Pac,Baby Don't Cry (Keep Ya Head Up II),262,Rap,2000-02-26,2000-03-11,87.0,82.0,72.0,77.0,87.0,94.0,99.0,,,,,,,,,,,,,,,,,,,,,,,,,,,,,,,,,,,,,,,,,,,,,,,,,,,,,,,,,,,14 days 00:00:00.000000000
247,2000,The Wallflowers,Sleepwalker,209,Rock,2000-10-28,2000-10-28,73.0,73.0,74.0,80.0,90.0,96.0,,,,,,,,,,,,,,,,,,,,,,,,,,,,,,,,,,,,,,,,,,,,,,,,,,,,,,,,,,,,0 days 00:00:00.000000000
248,2000,Drama,"Left, Right, Left",217,Rap,2000-02-12,2000-03-18,100.0,98.0,89.0,80.0,75.0,73.0,80.0,86.0,91.0,96.0,100.0,98.0,96.0,,,,,,,,,,,,,,,,,,,,,,,,,,,,,,,,,,,,,,,,,,,,,,,,,,,,,35 days 00:00:00.000000000
249,2000,Limp Bizkit,N 2 Gether Now,235,Rock,1999-12-04,2000-01-08,94.0,88.0,85.0,78.0,78.0,73.0,84.0,86.0,90.0,97.0,96.0,,,,,,,,,,,,,,,,,,,,,,,,,,,,,,,,,,,,,,,,,,,,,,,,,,,,,,,35 days 00:00:00.000000000
250,2000,Lox,"Ryde or Die, Chick",236,Rap,2000-03-18,2000-03-25,86.0,73.0,80.0,84.0,91.0,97.0,97.0,,,,,,,,,,,,,,,,,,,,,,,,,,,,,,,,,,,,,,,,,,,,,,,,,,,,,,,,,,,7 days 00:00:00.000000000
251,2000,Ying Yang Twins,Whistle While You Twurk,259,Rap,2000-03-18,2000-04-29,95.0,94.0,91.0,85.0,84.0,78.0,74.0,78.0,85.0,89.0,97.0,96.0,99.0,99.0,,,,,,,,,,,,,,,,,,,,,,,,,,,,,,,,,,,,,,,,,,,,,,,,,,,,42 days 00:00:00.000000000
252,2000,Clay Walker,"Live, Laugh, Love",246,Country,1999-12-04,2000-01-22,95.0,95.0,94.0,94.0,94.0,95.0,82.0,74.0,79.0,92.0,98.0,,,,,,,,,,,,,,,,,,,,,,,,,,,,,,,,,,,,,,,,,,,,,,,,,,,,,,,49 days 00:00:00.000000000
253,2000,Metallica,No Leaf Clover (Live),343,Rock,2000-02-12,2000-03-11,86.0,81.0,78.0,76.0,74.0,80.0,86.0,93.0,95.0,95.0,,,,,,,,,,,,,,,,,,,,,,,,,,,,,,,,,,,,,,,,,,,,,,,,,,,,,,,,28 days 00:00:00.000000000
254,2000,Yankee Grey,Another Nine Minutes,190,Country,2000-04-29,2000-05-20,86.0,83.0,77.0,74.0,83.0,79.0,88.0,95.0,,,,,,,,,,,,,,,,,,,,,,,,,,,,,,,,,,,,,,,,,,,,,,,,,,,,,,,,,,21 days 00:00:00.000000000
255,2000,Lou Bega,Tricky Tricky ,203,Rock,2000-01-29,2000-02-05,75.0,74.0,87.0,,,,,,,,,,,,,,,,,,,,,,,,,,,,,,,,,,,,,,,,,,,,,,,,,,,,,,,,,,,,,,,7 days 00:00:00.000000000
256,2000,Big Punisher,It's So Hard,205,Rap,2000-04-22,2000-05-06,96.0,87.0,75.0,79.0,81.0,81.0,76.0,76.0,78.0,84.0,90.0,88.0,94.0,98.0,100.0,,,,,,,,,,,,,,,,,,,,,,,,,,,,,,,,,,,,,,,,,,,,,,,,,,,14 days 00:00:00.000000000
257,2000,Darryl Worley,When You Need My Love,215,Country,2000-06-17,2000-09-02,98.0,88.0,93.0,92.0,85.0,85.0,84.0,80.0,80.0,80.0,80.0,75.0,78.0,86.0,99.0,,,,,,,,,,,,,,,,,,,,,,,,,,,,,,,,,,,,,,,,,,,,,,,,,,,77 days 00:00:00.000000000
258,2000,Lil' Kim,How Many Licks?,230,Rap,2000-11-25,2000-12-02,79.0,75.0,77.0,86.0,86.0,89.0,,,96.0,96.0,96.0,,,,,,,,,,,,,,,,,,,,,,,,,,,,,,,,,,,,,,,,,,,,,,,,,,,,,,,7 days 00:00:00.000000000
259,2000,Terri Clark,A Little Gasoline,187,Country,2000-12-16,2000-12-16,75.0,82.0,88.0,96.0,99.0,99.0,,,,,,,,,,,,,,,,,,,,,,,,,,,,,,,,,,,,,,,,,,,,,,,,,,,,,,,,,,,,0 days 00:00:00.000000000
260,2000,Chad Brock,A Country Boy Can Survive,234,Country,2000-01-01,2000-01-08,93.0,75.0,92.0,,,,,,,,,,,,,,,,,,,,,,,,,,,,,,,,,,,,,,,,,,,,,,,,,,,,,,,,,,,,,,,7 days 00:00:00.000000000
261,2000,Chris Cagle,My Love Goes On And On,182,Country,2000-10-21,2000-12-02,99.0,94.0,94.0,87.0,84.0,83.0,76.0,76.0,79.0,83.0,91.0,,,,,,,,,,,,,,,,,,,,,,,,,,,,,,,,,,,,,,,,,,,,,,,,,,,,,,,42 days 00:00:00.000000000
262,2000,Tracy Byrd,Put Your Hand In Mine,270,Country,2000-01-29,2000-02-12,81.0,77.0,76.0,76.0,86.0,88.0,92.0,99.0,,,,,,,,,,,,,,,,,,,,,,,,,,,,,,,,,,,,,,,,,,,,,,,,,,,,,,,,,,14 days 00:00:00.000000000
263,2000,Metallica,I Disappear,266,Rock,2000-05-13,2000-06-17,86.0,84.0,88.0,81.0,81.0,76.0,81.0,81.0,78.0,84.0,83.0,82.0,87.0,88.0,91.0,94.0,98.0,95.0,89.0,95.0,,,,,,,,,,,,,,,,,,,,,,,,,,,,,,,,,,,,,,,,,,,,,,35 days 00:00:00.000000000
264,2000,Jay-Z,Hey Papi,220,Rap,2000-08-12,2000-10-07,98.0,100.0,98.0,94.0,83.0,83.0,80.0,78.0,76.0,77.0,85.0,91.0,93.0,88.0,94.0,,,,,,,,,,,,,,,,,,,,,,,,,,,,,,,,,,,,,,,,,,,,,,,,,,,56 days 00:00:00.000000000
265,2000,Fatboy Slim,The Rockafeller Skank,240,Electronica,1999-11-13,2000-01-22,94.0,94.0,94.0,87.0,77.0,77.0,83.0,82.0,82.0,92.0,76.0,95.0,,,,,,,,,,,,,,,,,,,,,,,,,,,,,,,,,,,,,,,,,,,,,,,,,,,,,,70 days 00:00:00.000000000
266,2000,Gerald Levert,Mr. Too Damn Good,246,R&B,2000-03-18,2000-04-08,84.0,83.0,83.0,76.0,86.0,86.0,88.0,97.0,,,,,,,,,,,,,,,,,,,,,,,,,,,,,,,,,,,,,,,,,,,,,,,,,,,,,,,,,,21 days 00:00:00.000000000
267,2000,Brian McKnight,Stay Or Let It Go,272,Rock,2000-02-26,2000-03-25,95.0,92.0,82.0,78.0,76.0,88.0,100.0,93.0,,,,,,,,,,,,,,,,,,,,,,,,,,,,,,,,,,,,,,,,,,,,,,,,,,,,,,,,,,28 days 00:00:00.000000000
268,2000,Gary Allan,Smoke Rings In The Dark,258,Country,2000-01-22,2000-02-05,80.0,78.0,76.0,77.0,92.0,,,,,,,,,,,,,,,,,,,,,,,,,,,,,,,,,,,,,,,,,,,,,,,,,,,,,,,,,,,,,14 days 00:00:00.000000000
269,2000,Ginuwine,The Best Man I Can Be,246,Rock,2000-01-08,2000-03-04,97.0,97.0,83.0,94.0,84.0,88.0,85.0,82.0,77.0,77.0,85.0,89.0,,,,,,,,,,,,,,,,,,,,,,,,,,,,,,,,,,,,,,,,,,,,,,,,,,,,,,56 days 00:00:00.000000000
270,2000,Before Dark,Monica,244,Rock,2000-05-20,2000-06-17,95.0,87.0,80.0,80.0,77.0,87.0,91.0,91.0,100.0,,,,,,,,,,,,,,,,,,,,,,,,,,,,,,,,,,,,,,,,,,,,,,,,,,,,,,,,,28 days 00:00:00.000000000
271,2000,Gloria Estefan,No Me Dejes De Querer,205,Rock,2000-06-10,2000-06-10,77.0,,,,,,,,,,,,,,,,,,,,,,,,,,,,,,,,,,,,,,,,,,,,,,,,,,,,,,,,,,,,,,,,,0 days 00:00:00.000000000
272,2000,Stone Temple Pilots,Sour Girl,256,Rock,2000-07-08,2000-07-29,79.0,79.0,79.0,78.0,78.0,87.0,89.0,88.0,95.0,93.0,91.0,94.0,98.0,,,,,,,,,,,,,,,,,,,,,,,,,,,,,,,,,,,,,,,,,,,,,,,,,,,,,21 days 00:00:00.000000000
273,2000,Montgomery Gentry,Daddy Won't Sell The Farm,258,Country,2000-03-04,2000-03-25,87.0,83.0,81.0,79.0,81.0,96.0,,,,,,,,,,,,,,,,,,,,,,,,,,,,,,,,,,,,,,,,,,,,,,,,,,,,,,,,,,,,21 days 00:00:00.000000000
274,2000,Billy Ray Cyrus,You Won't Be Lonely Now,225,Country,2000-09-23,2000-11-11,97.0,97.0,97.0,92.0,91.0,88.0,85.0,80.0,82.0,80.0,80.0,89.0,95.0,,,,,,,,,,,,,,,,,,,,,,,,,,,,,,,,,,,,,,,,,,,,,,,,,,,,,49 days 00:00:00.000000000
275,2000,Clark Family Experience,Meanwhile Back At The Ranch,176,Country,2000-11-18,2000-12-16,87.0,86.0,81.0,92.0,80.0,80.0,82.0,84.0,82.0,81.0,85.0,91.0,,,,,,,,,,,,,,,,,,,,,,,,,,,,,,,,,,,,,,,,,,,,,,,,,,,,,,28 days 00:00:00.000000000
276,2000,Carl Thomas,Summer Rain,297,Rock,2000-09-23,2000-10-14,82.0,82.0,86.0,80.0,82.0,83.0,84.0,82.0,88.0,94.0,95.0,,,,,,,,,,,,,,,,,,,,,,,,,,,,,,,,,,,,,,,,,,,,,,,,,,,,,,,21 days 00:00:00.000000000
277,2000,Trisha Yearwood,Real Live Woman,235,Country,2000-04-01,2000-04-29,85.0,83.0,83.0,82.0,81.0,91.0,,,,,,,,,,,,,,,,,,,,,,,,,,,,,,,,,,,,,,,,,,,,,,,,,,,,,,,,,,,,28 days 00:00:00.000000000
278,2000,Trick Daddy,Shut Up,257,Rap,2000-05-20,2000-06-17,99.0,95.0,87.0,87.0,83.0,83.0,89.0,87.0,92.0,92.0,97.0,,,,,,,,,,,,,,,,,,,,,,,,,,,,,,,,,,,,,,,,,,,,,,,,,,,,,,,28 days 00:00:00.000000000
279,2000,Chante Moore,Straight Up,220,Rock,2000-10-28,2000-12-02,98.0,98.0,97.0,90.0,85.0,83.0,83.0,97.0,98.0,,,,,,,,,,,,,,,,,,,,,,,,,,,,,,,,,,,,,,,,,,,,,,,,,,,,,,,,,35 days 00:00:00.000000000
280,2000,Cam'ron,What Means The World To You,278,Rap,2000-10-14,2000-11-18,94.0,94.0,96.0,91.0,84.0,83.0,88.0,87.0,95.0,92.0,,,,,,,,,,,,,,,,,,,,,,,,,,,,,,,,,,,,,,,,,,,,,,,,,,,,,,,,35 days 00:00:00.000000000
281,2000,Juvenile,U Understand,231,Rap,2000-02-05,2000-02-12,85.0,83.0,100.0,98.0,97.0,96.0,,,,,,,,,,,,,,,,,,,,,,,,,,,,,,,,,,,,,,,,,,,,,,,,,,,,,,,,,,,,7 days 00:00:00.000000000
282,2000,Dave Hollister,Can't Stay,377,Rock,2000-03-25,2000-03-25,84.0,84.0,93.0,98.0,,,,,,,,,,,,,,,,,,,,,,,,,,,,,,,,,,,,,,,,,,,,,,,,,,,,,,,,,,,,,,0 days 00:00:00.000000000
283,2000,Tamia,Can't Go For That,218,Rock,2000-09-16,2000-09-30,90.0,86.0,84.0,88.0,97.0,,,,,,,,,,,,,,,,,,,,,,,,,,,,,,,,,,,,,,,,,,,,,,,,,,,,,,,,,,,,,14 days 00:00:00.000000000
284,2000,LFO,West Side Story,207,Rock,2000-08-05,2000-08-12,96.0,84.0,88.0,96.0,,,,,,,,,,,,,,,,,,,,,,,,,,,,,,,,,,,,,,,,,,,,,,,,,,,,,,,,,,,,,,7 days 00:00:00.000000000
285,2000,Brad Paisley,Me Neither,199,Country,2000-05-13,2000-05-20,87.0,85.0,90.0,92.0,,,,,,,,,,,,,,,,,,,,,,,,,,,,,,,,,,,,,,,,,,,,,,,,,,,,,,,,,,,,,,7 days 00:00:00.000000000
286,2000,Torrey Carter,Take That,223,Rock,2000-06-24,2000-07-08,94.0,88.0,86.0,91.0,89.0,87.0,99.0,,,,,,,,,,,,,,,,,,,,,,,,,,,,,,,,,,,,,,,,,,,,,,,,,,,,,,,,,,,14 days 00:00:00.000000000
287,2000,2Ge+her,The Hardest Part Of Breaking Up (Is Getting Back Your Stuff),195,R&B,2000-09-02,2000-09-09,91.0,87.0,92.0,,,,,,,,,,,,,,,,,,,,,,,,,,,,,,,,,,,,,,,,,,,,,,,,,,,,,,,,,,,,,,,7 days 00:00:00.000000000
288,2000,Madison Avenue,Don't Call Me Baby,224,Electronica,2000-07-08,2000-09-16,98.0,96.0,93.0,93.0,93.0,92.0,92.0,92.0,90.0,92.0,88.0,88.0,88.0,95.0,93.0,98.0,93.0,92.0,90.0,97.0,,,,,,,,,,,,,,,,,,,,,,,,,,,,,,,,,,,,,,,,,,,,,,70 days 00:00:00.000000000
289,2000,Eve,Got It All,228,Rap,2000-07-15,2000-07-22,89.0,88.0,88.0,91.0,95.0,,,,,,,,,,,,,,,,,,,,,,,,,,,,,,,,,,,,,,,,,,,,,,,,,,,,,,,,,,,,,7 days 00:00:00.000000000
290,2000,Limp Bizkit,Re-Arranged,248,Rock,1999-12-04,2000-02-05,91.0,91.0,90.0,95.0,95.0,99.0,96.0,96.0,92.0,88.0,89.0,93.0,91.0,91.0,89.0,90.0,93.0,100.0,,,,,,,,,,,,,,,,,,,,,,,,,,,,,,,,,,,,,,,,,,,,,,,,63 days 00:00:00.000000000
291,2000,Tracie Spencer,Still In My Heart,251,Rock,2000-03-04,2000-03-11,95.0,88.0,98.0,,,,,,,,,,,,,,,,,,,,,,,,,,,,,,,,,,,,,,,,,,,,,,,,,,,,,,,,,,,,,,,7 days 00:00:00.000000000
292,2000,Nu Flavor,3 Little Words,234,R&B,2000-06-03,2000-06-17,97.0,97.0,89.0,89.0,94.0,90.0,99.0,97.0,98.0,,,,,,,,,,,,,,,,,,,,,,,,,,,,,,,,,,,,,,,,,,,,,,,,,,,,,,,,,14 days 00:00:00.000000000
293,2000,Tamar,If You Don't Wanna Love Me,242,Rock,2000-03-25,2000-04-15,98.0,98.0,92.0,89.0,92.0,93.0,,,,,,,,,,,,,,,,,,,,,,,,,,,,,,,,,,,,,,,,,,,,,,,,,,,,,,,,,,,,21 days 00:00:00.000000000
294,2000,Gerald Levert,Baby U Are,250,R&B,2000-08-19,2000-08-26,96.0,89.0,92.0,96.0,96.0,,,,,,,,,,,,,,,,,,,,,,,,,,,,,,,,,,,,,,,,,,,,,,,,,,,,,,,,,,,,,7 days 00:00:00.000000000
295,2000,Beth Hart,L.A. Song,227,Country,1999-11-27,2000-01-15,99.0,100.0,98.0,99.0,99.0,99.0,98.0,90.0,99.0,97.0,91.0,97.0,,,,,,,,,,,,,,,,,,,,,,,,,,,,,,,,,,,,,,,,,,,,,,,,,,,,,,49 days 00:00:00.000000000
296,2000,Joe Diffie,The Quittin' Kind,203,Country,2000-01-01,2000-01-22,98.0,100.0,100.0,90.0,93.0,94.0,,,,,,,,,,,,,,,,,,,,,,,,,,,,,,,,,,,,,,,,,,,,,,,,,,,,,,,,,,,,21 days 00:00:00.000000000
297,2000,Funkmaster Flex,Do You,254,Rap,2000-11-11,2000-12-02,92.0,92.0,95.0,91.0,91.0,94.0,100.0,,,,,,,,,,,,,,,,,,,,,,,,,,,,,,,,,,,,,,,,,,,,,,,,,,,,,,,,,,,21 days 00:00:00.000000000
298,2000,Kelly Price,Love Sets You Free,226,Rock,2000-05-13,2000-05-20,92.0,91.0,98.0,100.0,,,,,,,,,,,,,,,,,,,,,,,,,,,,,,,,,,,,,,,,,,,,,,,,,,,,,,,,,,,,,,7 days 00:00:00.000000000
299,2000,En Vogue,Riddle,310,Rock,2000-06-17,2000-06-17,92.0,92.0,97.0,100.0,,,,,,,,,,,,,,,,,,,,,,,,,,,,,,,,,,,,,,,,,,,,,,,,,,,,,,,,,,,,,,0 days 00:00:00.000000000
300,2000,Ty Herndon,No Mercy,283,Country,2000-03-18,2000-05-06,100.0,99.0,99.0,,,98.0,94.0,92.0,95.0,96.0,,,,,,,,,,,,,,,,,,,,,,,,,,,,,,,,,,,,,,,,,,,,,,,,,,,,,,,,49 days 00:00:00.000000000
301,2000,Anastacia,I'm Outta Love,241,Pop,2000-04-01,2000-04-01,92.0,,,95.0,,,,,,,,97.0,,,,,,,,,,,,,,,,,,,,,,,,,,,,,,,,,,,,,,,,,,,,,,,,,,,,,,0 days 00:00:00.000000000
302,2000,Trina,Pull Over,178,Rap,2000-09-09,2000-09-16,97.0,93.0,96.0,100.0,,,,,,,,,,,,,,,,,,,,,,,,,,,,,,,,,,,,,,,,,,,,,,,,,,,,,,,,,,,,,,7 days 00:00:00.000000000
303,2000,Lil' Mo,Ta Da,257,Rap,2000-08-12,2000-09-16,100.0,99.0,97.0,97.0,100.0,95.0,99.0,,,,,,,,,,,,,,,,,,,,,,,,,,,,,,,,,,,,,,,,,,,,,,,,,,,,,,,,,,,35 days 00:00:00.000000000
304,2000,A*Teens,Dancing Queen,224,Pop,2000-07-08,2000-07-29,97.0,97.0,96.0,95.0,100.0,,,,,,,,,,,,,,,,,,,,,,,,,,,,,,,,,,,,,,,,,,,,,,,,,,,,,,,,,,,,,21 days 00:00:00.000000000
305,2000,Shade Sheist,Where I Wanna Be,256,Rap,2000-11-11,2000-11-18,96.0,95.0,99.0,99.0,100.0,,,,,,,,,,,,,,,,,,,,,,,,,,,,,,,,,,,,,,,,,,,,,,,,,,,,,,,,,,,,,7 days 00:00:00.000000000
306,2000,De La Soul,All Good?,302,Rap,2000-12-23,2000-12-23,96.0,96.0,100.0,,,,,,,,,,,,,,,,,,,,,,,,,,,,,,,,,,,,,,,,,,,,,,,,,,,,,,,,,,,,,,,0 days 00:00:00.000000000
307,2000,Amel Larrieux,Get Up,242,R&B,2000-03-04,2000-03-11,100.0,97.0,97.0,,,,,,,,,,,,,,,,,,,,,,,,,,,,,,,,,,,,,,,,,,,,,,,,,,,,,,,,,,,,,,,7 days 00:00:00.000000000
308,2000,Toni Braxton,Spanish Guitar,264,Rock,2000-12-02,2000-12-02,98.0,98.0,98.0,,,,,,,,,,,,,,,,,,,,,,,,,,,,,,,,,,,,,,,,,,,,,,,,,,,,,,,,,,,,,,,0 days 00:00:00.000000000
309,2000,Tuesday,I Know,246,Rock,2000-12-30,2000-12-30,98.0,98.0,,,,,,,,,,,,,,,,,,,,,,,,,,,,,,,,,,,,,,,,,,,,,,,,,,,,,,,,,,,,,,,,0 days 00:00:00.000000000
310,2000,LL Cool J,Imagine That,240,Rap,2000-08-12,2000-08-19,99.0,98.0,,,,,,,,,,,,,,,,,,,,,,,,,,,,,,,,,,,,,,,,,,,,,,,,,,,,,,,,,,,,,,,,7 days 00:00:00.000000000
311,2000,Master P,Souljas,213,Rap,2000-11-18,2000-11-18,98.0,,,,,,,,,,,,,,,,,,,,,,,,,,,,,,,,,,,,,,,,,,,,,,,,,,,,,,,,,,,,,,,,,0 days 00:00:00.000000000
312,2000,Ghostface Killah,Cherchez LaGhost,184,R&B,2000-08-05,2000-08-05,98.0,,,,,,,,,,,,,,,,,,,,,,,,,,,,,,,,,,,,,,,,,,,,,,,,,,,,,,,,,,,,,,,,,0 days 00:00:00.000000000
313,2000,Will Smith,Freakin' It,238,Rap,2000-02-12,2000-02-12,99.0,99.0,99.0,99.0,,,,,,,,,,,,,,,,,,,,,,,,,,,,,,,,,,,,,,,,,,,,,,,,,,,,,,,,,,,,,,0 days 00:00:00.000000000
314,2000,Zombie Nation,Kernkraft 400,210,Rock,2000-09-02,2000-09-02,99.0,99.0,,,,,,,,,,,,,,,,,,,,,,,,,,,,,,,,,,,,,,,,,,,,,,,,,,,,,,,,,,,,,,,,0 days 00:00:00.000000000
315,2000,The Eastsidaz,Got Beef,238,Rap,2000-07-01,2000-07-01,99.0,99.0,,,,,,,,,,,,,,,,,,,,,,,,,,,,,,,,,,,,,,,,,,,,,,,,,,,,,,,,,,,,,,,,0 days 00:00:00.000000000
316,2000,Fragma,Toca's Miracle,202,R&B,2000-10-28,2000-10-28,99.0,,,,,,,,,,,,,,,,,,,,,,,,,,,,,,,,,,,,,,,,,,,,,,,,,,,,,,,,,,,,,,,,,0 days 00:00:00.000000000
